"FullName","Length","LastWriteTime"
"D:\OpenClaw\workspace\AGENTS.md","8360","2026/3/6 23:33:34"
"D:\OpenClaw\workspace\HEARTBEAT.md","5897","2026/3/6 23:34:49"
"D:\OpenClaw\workspace\IDENTITY.md","1070","2026/3/6 23:34:49"
"D:\OpenClaw\workspace\README.md","6687","2026/3/6 23:09:20"
"D:\OpenClaw\workspace\SOUL.md","5475","2026/3/7 2:08:03"
"D:\OpenClaw\workspace\TOOLS.md","2609","2026/3/6 23:33:34"
"D:\OpenClaw\workspace\USER.md","1962","2026/3/7 2:08:03"
"D:\OpenClaw\workspace\.pytest_cache\README.md","310","2026/3/5 17:56:21"
"D:\OpenClaw\workspace\03-config\README.md","2168","2026/3/6 14:12:11"
"D:\OpenClaw\workspace\05-templates\TMPL_Concept_Note_v1.0.md","2767","2026/3/6 23:34:49"
"D:\OpenClaw\workspace\05-templates\TMPL_Daily_Note_v1.0.md","1296","2026/3/6 14:12:11"
"D:\OpenClaw\workspace\05-templates\TMPL_Distilled_Viewpoint_v1.0.md","2696","2026/3/6 14:12:11"
"D:\OpenClaw\workspace\05-templates\TMPL_Index_v1.0.md","4394","2026/3/6 14:12:11"
"D:\OpenClaw\workspace\05-templates\TMPL_Learning_Note_v1.0.md","1238","2026/3/6 14:12:11"
"D:\OpenClaw\workspace\05-templates\TMPL_Meeting_Note_v1.0.md","1991","2026/3/6 14:12:11"
"D:\OpenClaw\workspace\05-templates\TMPL_Paper_Note_v1.0.md","1688","2026/3/6 14:12:11"
"D:\OpenClaw\workspace\05-templates\TMPL_Paper_Note_v2.0.md","1120","2026/3/6 14:12:11"
"D:\OpenClaw\workspace\05-templates\TMPL_Research_Question_v1.0.md","1714","2026/3/6 14:12:11"
"D:\OpenClaw\workspace\10-ai-research\README.md","3094","2026/3/6 14:12:12"
"D:\OpenClaw\workspace\10-ai-research\00-Radar\CS_NOTE_Radar_Radar_v1.0.md","226","2026/3/6 14:12:11"
"D:\OpenClaw\workspace\10-ai-research\00-Radar\CS_NOTE_Radar_README_v1.0.md","1983","2026/3/6 14:12:11"
"D:\OpenClaw\workspace\10-ai-research\00-Radar\CS_NOTE_Radar_Timeline_v1.0.md","270","2026/3/6 14:12:11"
"D:\OpenClaw\workspace\10-ai-research\01-Foundations\CS_NOTE_Foundations_C - FAD_v1.0.md","374","2026/3/6 14:12:11"
"D:\OpenClaw\workspace\10-ai-research\01-Foundations\CS_NOTE_Foundations_CS_NOTE_Foundations_C - Audio_v1.0_v1.0.md","376","2026/3/6 14:12:11"
"D:\OpenClaw\workspace\10-ai-research\02-Models\CS_NOTE_Models_P - 2026 - An-Empirical-Analysis-of-Task-Induced-Encoder-Bias-in-Fréchet-Audio-Distance_v1.0.md","33038","2026/3/6 14:12:11"
"D:\OpenClaw\workspace\10-ai-research\templates\TMPL_Concept_Note_v1.0.md","1568","2026/3/6 14:12:12"
"D:\OpenClaw\workspace\10-ai-research\templates\TMPL_Meeting_Note_v1.0.md","2474","2026/3/6 14:12:12"
"D:\OpenClaw\workspace\10-ai-research\templates\TMPL_Paper_Note_v1.0.md","2030","2026/3/6 14:12:12"
"D:\OpenClaw\workspace\11-research\MAT_DOC_PROJECT_INDEX_v1.0.md","5108","2026/3/6 23:26:20"
"D:\OpenClaw\workspace\11-research\MAT_DOC_SOLID-STATE-BATTERY-RESEARCH_v1.0.md","5286","2026/3/6 14:12:45"
"D:\OpenClaw\workspace\11-research\README.md","4633","2026/3/6 15:47:33"
"D:\OpenClaw\workspace\11-research\cnt-research\MAT_DOC_CNTConductivity_README_2026-03-06_v1.0.md","8779","2026/3/6 23:34:49"
"D:\OpenClaw\workspace\11-research\cnt-research\MAT_PLAN_CNTConductivity_LitSearch_2026-03-06_v1.0.md","8779","2026/3/6 23:34:49"
"D:\OpenClaw\workspace\11-research\cnt-research\data\MAT_DOC_CNTConductivity_data_extraction_template_v1.0.md","3419","2026/3/6 23:33:34"
"D:\OpenClaw\workspace\11-research\cnt-research\data\MAT_DOC_CNTConductivity_QUICK_START_GUIDE_v1.0.md","4424","2026/3/6 19:53:04"
"D:\OpenClaw\workspace\11-research\cnt-research\literature\MAT_DOC_CNTConductivity_50_PAPER_TARGET_LIST_v1.0.md","6479","2026/3/6 20:00:30"
"D:\OpenClaw\workspace\11-research\cnt-research\literature\MAT_DOC_CNTConductivity_DIRECT_SEARCH_LINKS_v1.0.md","9604","2026/3/6 19:55:06"
"D:\OpenClaw\workspace\11-research\cnt-research\literature\MAT_DOC_CNTConductivity_SEARCH_GUIDE_v1.0.md","6447","2026/3/6 23:33:34"
"D:\OpenClaw\workspace\11-research\cnt-research\literature\MAT_DOC_CNTConductivity_starter_papers_classic_v1.0.md","9240","2026/3/6 19:49:13"
"D:\OpenClaw\workspace\11-research\cnt-research\literature\MAT_DOC_CNTConductivity_starter_papers_v1.0.md","6402","2026/3/6 23:33:34"
"D:\OpenClaw\workspace\11-research\cnt-research\literature\MAT_DOC_CNTConductivity_WEEKLY_PLAN_v1.0.md","4898","2026/3/6 23:34:49"
"D:\OpenClaw\workspace\11-research\cnt-research\literature\README.md","4745","2026/3/6 23:33:34"
"D:\OpenClaw\workspace\11-research\cnt-research\scripts\README.md","2190","2026/3/6 22:42:10"
"D:\OpenClaw\workspace\11-research\data\README.md","1209","2026/3/6 15:55:19"
"D:\OpenClaw\workspace\11-research\data\literature\MAT_REP_LIGConductivity_LitMining_literature_mining_progress_batch2_v1.0.md","1166","2026/3/6 14:12:45"
"D:\OpenClaw\workspace\11-research\data\literature\MAT_REP_LIGConductivity_LitMining_literature_mining_progress_batch3_v1.0.md","1301","2026/3/6 14:12:45"
"D:\OpenClaw\workspace\11-research\data\literature\MAT_REP_LIGConductivity_LitMining_literature_mining_progress_batch4_v1.0.md","1309","2026/3/6 14:12:45"
"D:\OpenClaw\workspace\11-research\data\literature\MAT_REP_LIGConductivity_LitMining_literature_mining_progress_v1.0.md","1021","2026/3/6 14:12:45"
"D:\OpenClaw\workspace\11-research\data\literature\MAT_REP_LIGConductivity_LitMining_MAT_REP_LIGConductivity_LitMining_literature_mining_final_report_v1.0_v1.0.md","1545","2026/3/6 14:12:45"
"D:\OpenClaw\workspace\11-research\docs\MAT_ANA_LIGConductivity_GPOptimization_2026-03-06_v1.0.md","3356","2026/3/6 14:12:45"
"D:\OpenClaw\workspace\11-research\docs\MAT_ANA_LIGConductivity_GPTraining_2026-03-06_v1.0.md","4246","2026/3/6 14:12:45"
"D:\OpenClaw\workspace\11-research\docs\MAT_CHECKLIST_LIGConductivity_FigureInsertion_2026-03-06_v1.0.md","4503","2026/3/6 14:12:45"
"D:\OpenClaw\workspace\11-research\docs\MAT_CHECKLIST_LIGConductivity_Final_2026-03-06_v1.0.md","1102","2026/3/6 14:12:45"
"D:\OpenClaw\workspace\11-research\docs\MAT_CHECKLIST_LIGConductivity_Paper_2026-03-06_v1.0.md","275","2026/3/6 14:12:45"
"D:\OpenClaw\workspace\11-research\docs\MAT_CHECKLIST_LIGConductivity_RefFormat_2026-03-06_v1.0.md","3958","2026/3/6 19:14:36"
"D:\OpenClaw\workspace\11-research\docs\MAT_CHECKLIST_LIGConductivity_Submission_2026-03-06_v1.0.md","5205","2026/3/6 19:30:59"
"D:\OpenClaw\workspace\11-research\docs\MAT_DOC_CNTConductivity_Startup_2026-03-06_v1.0.md","2999","2026/3/6 23:34:49"
"D:\OpenClaw\workspace\11-research\docs\MAT_DOC_LIGConductivity_CoverLetterComplete_2026-03-06_v1.0.md","4444","2026/3/6 14:12:45"
"D:\OpenClaw\workspace\11-research\docs\MAT_DOC_LIGConductivity_CoverLetterFilled_2026-03-06_v1.0.md","4946","2026/3/6 14:12:45"
"D:\OpenClaw\workspace\11-research\docs\MAT_DOC_LIGConductivity_DailySummary_2026-03-06_v1.0.md","6626","2026/3/6 19:49:35"
"D:\OpenClaw\workspace\11-research\docs\MAT_DOC_LIGConductivity_DataAcquisition_2026-03-06_v1.0.md","3861","2026/3/6 21:27:42"
"D:\OpenClaw\workspace\11-research\docs\MAT_DOC_LIGConductivity_FinalDataAcquisition_2026-03-06_v1.0.md","3569","2026/3/6 21:38:10"
"D:\OpenClaw\workspace\11-research\docs\MAT_DOC_LIGConductivity_FinalSubmissionPackage_2026-03-06_v1.0.md","1071","2026/3/6 14:12:45"
"D:\OpenClaw\workspace\11-research\docs\MAT_DOC_LIGConductivity_FinalSummary_2026-03-06_v1.0.md","4301","2026/3/6 20:36:43"
"D:\OpenClaw\workspace\11-research\docs\MAT_DOC_LIGConductivity_FinalWorkUpdate_2026-03-06_v1.0.md","2885","2026/3/6 20:51:02"
"D:\OpenClaw\workspace\11-research\docs\MAT_DOC_LIGConductivity_JournalSelection_2026-03-06_v1.0.md","1397","2026/3/6 14:12:45"
"D:\OpenClaw\workspace\11-research\docs\MAT_DOC_LIGConductivity_LanguageSuggestions_2026-03-06_v1.0.md","1203","2026/3/6 14:12:45"
"D:\OpenClaw\workspace\11-research\docs\MAT_DOC_LIGConductivity_References_2026-03-06_v1.0.md","1677","2026/3/6 14:12:45"
"D:\OpenClaw\workspace\11-research\docs\MAT_DOC_LIGConductivity_ReviewerEmail_2026-03-06_v1.0.md","2296","2026/3/6 14:12:45"
"D:\OpenClaw\workspace\11-research\docs\MAT_DOC_LIGConductivity_SessionComplete_2026-03-06_v1.0.md","4038","2026/3/6 19:55:06"
"D:\OpenClaw\workspace\11-research\docs\MAT_DOC_LIGConductivity_SubmissionPackage_2026-03-06_v1.0.md","1064","2026/3/6 14:12:45"
"D:\OpenClaw\workspace\11-research\docs\MAT_DOC_LIGConductivity_SubmissionReady_2026-03-06_v1.0.md","5618","2026/3/6 19:31:40"
"D:\OpenClaw\workspace\11-research\docs\MAT_DOC_LIGConductivity_SubmissionReminders_2026-03-06_v1.0.md","1412","2026/3/6 14:12:45"
"D:\OpenClaw\workspace\11-research\docs\MAT_DOC_LIGConductivity_SuggestedReviewers_2026-03-06_v1.0.md","1900","2026/3/6 14:12:45"
"D:\OpenClaw\workspace\11-research\docs\MAT_DOC_LIGConductivity_SupplementaryMaterials_2026-03-06_v1.0.md","954","2026/3/6 14:12:45"
"D:\OpenClaw\workspace\11-research\docs\MAT_DOC_LIGConductivity_SystemSnapshot_2026-03-06_v1.0.md","2086","2026/3/6 22:30:33"
"D:\OpenClaw\workspace\11-research\docs\MAT_DOC_LIGConductivity_TheoryComplete_2026-03-06_v1.0.md","5853","2026/3/6 20:14:13"
"D:\OpenClaw\workspace\11-research\docs\MAT_DOC_LIGConductivity_TheoryProgress_2026-03-06_v1.0.md","3484","2026/3/6 20:11:41"
"D:\OpenClaw\workspace\11-research\docs\MAT_DOC_LIGConductivity_TodayWork_2026-03-06_v1.0.md","5253","2026/3/6 19:42:13"
"D:\OpenClaw\workspace\11-research\docs\MAT_DOC_LIGConductivity_WorkComplete_2026-03-06_v1.0.md","5881","2026/3/6 21:02:07"
"D:\OpenClaw\workspace\11-research\docs\MAT_DOC_LIGConductivity_WorkUpdate_2039_2026-03-06_v1.0.md","2582","2026/3/6 20:42:38"
"D:\OpenClaw\workspace\11-research\docs\MAT_DOC_LIGConductivity_WorkUpdate_2044_2026-03-06_v1.0.md","2432","2026/3/6 20:47:04"
"D:\OpenClaw\workspace\11-research\docs\MAT_PAP_LIGConductivity_Draft_v2.0_2026-03-06.md","7101","2026/3/6 14:12:45"
"D:\OpenClaw\workspace\11-research\docs\MAT_PLAN_CNTConductivity_ResearchPlan_2026-03-06_v1.0.md","5870","2026/3/6 19:35:32"
"D:\OpenClaw\workspace\11-research\docs\MAT_PLAN_LIGConductivity_DataCollection_2026-03-06_v1.0.md","4370","2026/3/6 14:12:45"
"D:\OpenClaw\workspace\11-research\docs\MAT_PLAN_LIGConductivity_Experiment_2026-03-06_v1.0.md","6272","2026/3/6 14:12:45"
"D:\OpenClaw\workspace\11-research\docs\MAT_PLAN_LIGConductivity_ModelOpt_2026-03-06_v1.0.md","2803","2026/3/6 23:34:49"
"D:\OpenClaw\workspace\11-research\docs\MAT_PLAN_LIGConductivity_NatureUpgradeDetailed_2026-03-06_v1.0.md","9604","2026/3/6 19:58:38"
"D:\OpenClaw\workspace\11-research\docs\MAT_PLAN_LIGConductivity_NatureUpgrade_2026-03-06_v1.0.md","9708","2026/3/6 23:34:49"
"D:\OpenClaw\workspace\11-research\docs\MAT_PLAN_LIGConductivity_NextDirections_2026-03-06_v1.0.md","7565","2026/3/6 19:34:02"
"D:\OpenClaw\workspace\11-research\docs\MAT_PLAN_LIGConductivity_NextSession_2026-03-06_v1.0.md","4231","2026/3/6 19:52:11"
"D:\OpenClaw\workspace\11-research\docs\MAT_PLAN_LIGConductivity_PureTheoryNature_2026-03-06_v1.0.md","9819","2026/3/6 20:07:58"
"D:\OpenClaw\workspace\11-research\docs\MAT_PLAN_LIGConductivity_RestAndPaper_2026-03-06_v1.0.md","6299","2026/3/6 14:12:45"
"D:\OpenClaw\workspace\11-research\docs\MAT_PLAN_LIGConductivity_SoftwareOnlyNature_2026-03-06_v1.0.md","9866","2026/3/6 20:06:39"
"D:\OpenClaw\workspace\11-research\docs\MAT_PLAN_LIGConductivity_SubmissionCalendar_2026-03-06_v1.0.md","1313","2026/3/6 14:12:45"
"D:\OpenClaw\workspace\11-research\docs\MAT_REP_LIGConductivity_AutonomousTask_2026-03-06_v1.0.md","959","2026/3/6 14:12:45"
"D:\OpenClaw\workspace\11-research\docs\MAT_REP_LIGConductivity_CHGNET_DownloadProgress_2026-03-06_v1.0.md","1449","2026/3/6 14:12:45"
"D:\OpenClaw\workspace\11-research\docs\MAT_REP_LIGConductivity_ClawHubSearch_2026-03-06_v1.0.md","2034","2026/3/6 21:46:17"
"D:\OpenClaw\workspace\11-research\docs\MAT_REP_LIGConductivity_DataAugmentation_2026-03-06_v1.0.md","7994","2026/3/6 14:12:45"
"D:\OpenClaw\workspace\11-research\docs\MAT_REP_LIGConductivity_DataCollectionProgress_2026-03-06_v1.0.md","3500","2026/3/6 21:09:00"
"D:\OpenClaw\workspace\11-research\docs\MAT_REP_LIGConductivity_DataQuality_2026-03-06_v1.0.md","4280","2026/3/6 14:12:45"
"D:\OpenClaw\workspace\11-research\docs\MAT_REP_LIGConductivity_DownloadProgress_2026-03-06_v1.0.md","1645","2026/3/6 14:12:45"
"D:\OpenClaw\workspace\11-research\docs\MAT_REP_LIGConductivity_Execution_2026-03-06_v1.0.md","4885","2026/3/6 14:12:45"
"D:\OpenClaw\workspace\11-research\docs\MAT_REP_LIGConductivity_FinalDataAcquisition_2026-03-06_v1.0.md","4830","2026/3/6 21:27:25"
"D:\OpenClaw\workspace\11-research\docs\MAT_REP_LIGConductivity_FinalModel_2026-03-06_v1.0.md","3577","2026/3/6 22:28:15"
"D:\OpenClaw\workspace\11-research\docs\MAT_REP_LIGConductivity_FinalReport_2026-03-06_v1.0.md","9565","2026/3/6 14:12:45"
"D:\OpenClaw\workspace\11-research\docs\MAT_REP_LIGConductivity_LitMining_2026-03-06_v1.0.md","3119","2026/3/6 14:12:45"
"D:\OpenClaw\workspace\11-research\docs\MAT_REP_LIGConductivity_ModelOptSummary_2026-03-06_v1.0.md","2434","2026/3/6 22:22:30"
"D:\OpenClaw\workspace\11-research\docs\MAT_REP_LIGConductivity_NatureUpgradeProgress_2026-03-06_v1.0.md","4331","2026/3/6 20:04:45"
"D:\OpenClaw\workspace\11-research\docs\MAT_REP_LIGConductivity_PaperV3Revision_2026-03-06_v1.0.md","3771","2026/3/6 19:27:54"
"D:\OpenClaw\workspace\11-research\docs\MAT_REP_LIGConductivity_ProjectCompletion_2026-03-06_v1.0.md","3431","2026/3/6 14:12:45"
"D:\OpenClaw\workspace\11-research\docs\MAT_REP_LIGConductivity_ProjectFinalSummary_2026-03-06_v1.0.md","1461","2026/3/6 14:12:45"
"D:\OpenClaw\workspace\11-research\docs\MAT_REP_LIGConductivity_SciHubAcquisition_2026-03-06_v1.0.md","2671","2026/3/6 21:32:10"
"D:\OpenClaw\workspace\11-research\docs\MAT_REP_LIGConductivity_SkillInstall_2026-03-06_v1.0.md","3809","2026/3/6 14:12:45"
"D:\OpenClaw\workspace\11-research\docs\MAT_RES_LIGConductivity_ModelPerformance_2026-03-06_v1.0.md","2401","2026/3/6 22:17:27"
"D:\OpenClaw\workspace\11-research\docs\MAT_SOP_LIGConductivity_CHGNET_Install_2026-03-06_v1.0.md","7823","2026/3/6 14:12:45"
"D:\OpenClaw\workspace\11-research\docs\MAT_SOP_LIGConductivity_MACE_Install_2026-03-06_v1.0.md","6940","2026/3/6 14:12:45"
"D:\OpenClaw\workspace\11-research\docs\MAT_SOP_LIGConductivity_SubmissionGuide_2026-03-06_v1.0.md","2008","2026/3/6 14:12:45"
"D:\OpenClaw\workspace\11-research\docs\MAT_SOP_LIGConductivity_ZenodoUpload_2026-03-06_v1.0.md","4534","2026/3/6 19:20:45"
"D:\OpenClaw\workspace\11-research\docs\TMPL_LIGConductivity_CoverLetter_v1.0.md","3249","2026/3/6 14:12:45"
"D:\OpenClaw\workspace\11-research\docs\WORK_COMPLETE_2026-03-06.md","4998","2026/3/6 20:33:48"
"D:\OpenClaw\workspace\11-research\figures\README.md","0","2026/3/6 23:18:51"
"D:\OpenClaw\workspace\11-research\github_repo\README.md","5759","2026/3/6 23:34:50"
"D:\OpenClaw\workspace\11-research\github_repo\data\README.md","1209","2026/3/6 16:42:02"
"D:\OpenClaw\workspace\11-research\github_repo\models\MAT_DOC_ModelCard_v1.0.md","3688","2026/3/6 16:42:02"
"D:\OpenClaw\workspace\11-research\lig-conductivity-prediction-zenodo\README.md","4852","2026/3/6 19:18:39"
"D:\OpenClaw\workspace\11-research\lig-conductivity-prediction-zenodo\data\README.md","1209","2026/3/6 16:42:02"
"D:\OpenClaw\workspace\11-research\lig-conductivity-prediction-zenodo\models\MAT_DOC_ModelCard_v1.0.md","3688","2026/3/6 16:42:02"
"D:\OpenClaw\workspace\11-research\models\MAT_DOC_ModelCard_v1.0.md","3688","2026/3/6 16:11:26"
"D:\OpenClaw\workspace\11-research\models\pretrained\chgnet\README.md","2062","2026/3/6 23:34:49"
"D:\OpenClaw\workspace\11-research\ORGANIZED_PROJECT\MAT_DOC_FILE_INDEX_v1.0.md","1935","2026/3/6 14:12:45"
"D:\OpenClaw\workspace\11-research\ORGANIZED_PROJECT\README.md","3237","2026/3/6 14:12:45"
"D:\OpenClaw\workspace\11-research\ORGANIZED_PROJECT\01_Paper_Draft\MAT_PAP_LIGConductivity_PAPER_DRAFT_V2_v1.0.md","24393","2026/3/6 23:33:34"
"D:\OpenClaw\workspace\11-research\ORGANIZED_PROJECT\01_Paper_Draft\MAT_PAP_LIGConductivity_PAPER_REFERENCES_v1.0.md","1677","2026/3/6 14:12:45"
"D:\OpenClaw\workspace\11-research\ORGANIZED_PROJECT\06_Submission\MAT_DOC_LIGConductivity_Submission_JOURNAL_SELECTION_v1.0.md","1397","2026/3/6 14:12:45"
"D:\OpenClaw\workspace\11-research\ORGANIZED_PROJECT\06_Submission\MAT_DOC_LIGConductivity_Submission_MAT_DOC_LIGConductivity_Submission_COVER_LETTER_FILLED_v1.0_v1.0.md","5244","2026/3/6 23:34:49"
"D:\OpenClaw\workspace\11-research\ORGANIZED_PROJECT\06_Submission\MAT_DOC_LIGConductivity_Submission_SUBMISSION_CALENDAR_v1.0.md","1313","2026/3/6 14:12:45"
"D:\OpenClaw\workspace\11-research\ORGANIZED_PROJECT\06_Submission\MAT_DOC_LIGConductivity_Submission_SUBMISSION_GUIDE_v1.0.md","2008","2026/3/6 14:12:45"
"D:\OpenClaw\workspace\11-research\ORGANIZED_PROJECT\06_Submission\MAT_DOC_LIGConductivity_Submission_SUGGESTED_REVIEWERS_v1.0.md","1900","2026/3/6 14:12:45"
"D:\OpenClaw\workspace\11-research\ORGANIZED_PROJECT\07_Documentation\MAT_DOC_LIGConductivity_Doc_FINAL_REPORT_v1.0.md","9565","2026/3/6 14:12:45"
"D:\OpenClaw\workspace\11-research\ORGANIZED_PROJECT\07_Documentation\MAT_DOC_LIGConductivity_Doc_PROJECT_COMPLETION_REPORT_v1.0.md","3431","2026/3/6 14:12:45"
"D:\OpenClaw\workspace\11-research\ORGANIZED_PROJECT\07_Documentation\MAT_DOC_LIGConductivity_Doc_SUPPLEMENTARY_MATERIALS_v1.0.md","954","2026/3/6 14:12:45"
"D:\OpenClaw\workspace\11-research\ORGANIZED_PROJECT\08_Submission_Package\MAT_DOC_LIGConductivity_Package_Manuscript_v1.0.md","7101","2026/3/6 14:12:45"
"D:\OpenClaw\workspace\11-research\ORGANIZED_PROJECT\08_Submission_Package\MAT_DOC_LIGConductivity_Package_MAT_DOC_LIGConductivity_Package_Cover_Letter_v1.0_v1.0.md","5244","2026/3/6 23:34:50"
"D:\OpenClaw\workspace\11-research\ORGANIZED_PROJECT\08_Submission_Package\MAT_DOC_LIGConductivity_Package_Suggested_Reviewers_v1.0.md","1900","2026/3/6 14:12:45"
"D:\OpenClaw\workspace\11-research\ORGANIZED_PROJECT\08_Submission_Package\MAT_DOC_LIGConductivity_Package_Supplementary_Materials_v1.0.md","954","2026/3/6 14:12:45"
"D:\OpenClaw\workspace\11-research\paper\MAT_DOC_LIGConductivity_DataAvailability_2026-03-06_v1.0.md","2396","2026/3/6 19:30:59"
"D:\OpenClaw\workspace\11-research\paper\MAT_DOC_LIGConductivity_MANIFEST_2026-03-06_v1.0.md","5688","2026/3/6 23:34:50"
"D:\OpenClaw\workspace\11-research\paper\MAT_DOC_LIGConductivity_References_2026-03-06_v1.0.md","5411","2026/3/6 15:24:37"
"D:\OpenClaw\workspace\11-research\paper\MAT_PAP_LIGConductivity_Abstract_2026-03-06_v1.0.md","3545","2026/3/6 23:33:34"
"D:\OpenClaw\workspace\11-research\paper\MAT_PAP_LIGConductivity_Checklist_2026-03-06_v1.0.md","4270","2026/3/6 23:34:49"
"D:\OpenClaw\workspace\11-research\paper\MAT_PAP_LIGConductivity_Conclusion_2026-03-06_v1.0.md","8038","2026/3/6 23:33:34"
"D:\OpenClaw\workspace\11-research\paper\MAT_PAP_LIGConductivity_CoverLetter_2026-03-06_v1.0.md","4373","2026/3/6 23:34:49"
"D:\OpenClaw\workspace\11-research\paper\MAT_PAP_LIGConductivity_Highlights_2026-03-06_v1.0.md","2875","2026/3/6 23:34:49"
"D:\OpenClaw\workspace\11-research\paper\MAT_PAP_LIGConductivity_Intro_2026-03-06_v1.0.md","5526","2026/3/6 23:33:34"
"D:\OpenClaw\workspace\11-research\paper\MAT_PAP_LIGConductivity_JournalSelection_2026-03-06_v1.0.md","5342","2026/3/6 23:33:34"
"D:\OpenClaw\workspace\11-research\paper\MAT_PAP_LIGConductivity_Methods_2026-03-06_v1.0.md","8112","2026/3/6 23:34:49"
"D:\OpenClaw\workspace\11-research\paper\MAT_PAP_LIGConductivity_RelatedWork_2026-03-06_v1.0.md","7690","2026/3/6 23:33:34"
"D:\OpenClaw\workspace\11-research\paper\MAT_PAP_LIGConductivity_Results_2026-03-06_v1.0.md","11190","2026/3/6 23:34:49"
"D:\OpenClaw\workspace\11-research\paper\MAT_PAP_LIGConductivity_Timeline_2026-03-06_v1.0.md","4233","2026/3/6 23:34:49"
"D:\OpenClaw\workspace\11-research\paper\MAT_PLAN_LIGConductivity_GitHubRepo_2026-03-06_v1.0.md","4096","2026/3/6 15:48:44"
"D:\OpenClaw\workspace\11-research\paper\MAT_PLAN_LIGConductivity_Outline_2026-03-06_v1.0.md","4808","2026/3/6 15:11:02"
"D:\OpenClaw\workspace\11-research\paper\MAT_PLAN_LIGConductivity_Preprint_2026-03-06_v1.0.md","3383","2026/3/6 16:01:02"
"D:\OpenClaw\workspace\11-research\paper\MAT_PLAN_LIGConductivity_ZenodoUpload_2026-03-06_v1.0.md","3232","2026/3/6 16:06:53"
"D:\OpenClaw\workspace\11-research\paper\README.md","4767","2026/3/6 23:34:49"
"D:\OpenClaw\workspace\11-research\scripts\DOC_Script_gp_optimization_v1.0.md","337","2026/3/6 23:24:20"
"D:\OpenClaw\workspace\11-research\scripts\DOC_Script_gp_run_v1.0.md","469","2026/3/6 23:34:49"
"D:\OpenClaw\workspace\11-research\scripts\DOC_Script_predict_v1.0.md","466","2026/3/6 23:33:34"
"D:\OpenClaw\workspace\11-research\scripts\DOC_Script_README_v1.0.md","4677","2026/3/6 23:09:44"
"D:\OpenClaw\workspace\11-research\theory\MAT_DOC_LIGTheory_2DModel_2026-03-06_v1.0.md","4416","2026/3/6 23:33:34"
"D:\OpenClaw\workspace\11-research\theory\MAT_DOC_LIGTheory_AIMemory_2026-03-06_v1.0.md","4616","2026/3/6 21:02:07"
"D:\OpenClaw\workspace\11-research\theory\MAT_DOC_LIGTheory_DeepDerivation_2026-03-06_v1.0.md","10597","2026/3/6 23:34:49"
"D:\OpenClaw\workspace\11-research\theory\MAT_DOC_LIGTheory_Framework_2026-03-06_v1.0.md","6541","2026/3/6 23:34:50"
"D:\OpenClaw\workspace\11-research\theory\MAT_DOC_LIGTheory_KeyInsights_2026-03-06_v1.0.md","2167","2026/3/6 20:28:19"
"D:\OpenClaw\workspace\11-research\theory\MAT_DOC_LIGTheory_KeyPredictions_2026-03-06_v1.0.md","4140","2026/3/6 20:11:41"
"D:\OpenClaw\workspace\11-research\theory\MAT_DOC_LIGTheory_NumSimulation_2026-03-06_v1.0.md","4961","2026/3/6 23:34:49"
"D:\OpenClaw\workspace\11-research\theory\MAT_DOC_LIGTheory_TempDependent_2026-03-06_v1.0.md","3439","2026/3/6 23:33:34"
"D:\OpenClaw\workspace\11-research\theory\MAT_NOTE_LIGTheory_LearningNotes_2026-03-06_v1.0.md","3361","2026/3/6 20:28:19"
"D:\OpenClaw\workspace\11-research\theory\MAT_PLAN_LIGTheory_LitValidation_2026-03-06_v1.0.md","4210","2026/3/6 20:54:42"
"D:\OpenClaw\workspace\11-research\theory\MAT_SOP_LIGTheory_DataCollection_2026-03-06_v1.0.md","4249","2026/3/6 20:13:17"
"D:\OpenClaw\workspace\11-research\theory\MAT_SOP_LIGTheory_StudyGuide_2026-03-06_v1.0.md","4009","2026/3/6 20:19:18"
"D:\OpenClaw\workspace\11-research\theory\data\MAT_SOP_LIGTheory_Data_DATA_EXTRACTION_GUIDE_DETAILED_v1.0.md","3644","2026/3/6 21:40:06"
"D:\OpenClaw\workspace\11-research\theory\data\MAT_SOP_LIGTheory_Data_FOUND_PAPERS_v1.0.md","3591","2026/3/6 21:08:16"
"D:\OpenClaw\workspace\11-research\theory\data\MAT_SOP_LIGTheory_Data_MAT_SOP_LIGTheory_Data_DATA_COLLECTION_STRATEGY_v1.0_v1.0.md","2638","2026/3/6 21:13:00"
"D:\OpenClaw\workspace\11-research\theory\data\MAT_SOP_LIGTheory_Data_QUICK_START_EXTRACTION_v1.0.md","1612","2026/3/6 21:40:06"
"D:\OpenClaw\workspace\11-research\theory\data\MAT_SOP_LIGTheory_Data_README_data_collection_v1.0.md","2995","2026/3/6 21:03:18"
"D:\OpenClaw\workspace\11-research\theory\data\MAT_SOP_LIGTheory_Data_START_DATA_COLLECTION_v1.0.md","1421","2026/3/6 21:03:18"
"D:\OpenClaw\workspace\11-research\theory\data\MAT_SOP_LIGTheory_Data_VALIDATION_REPORT_2026-03-06_v1.0.md","2909","2026/3/6 21:15:33"
"D:\OpenClaw\workspace\12-knowledge-graph\visualization\DOC_KG_Visualization_analysis_v1.0.md","1723","2026/3/6 14:12:12"
"D:\OpenClaw\workspace\13-memory\MEMORY.md","44351","2026/3/6 23:33:33"
"D:\OpenClaw\workspace\13-memory\NOTE_archive_v1.0.md","261","2026/3/6 14:12:46"
"D:\OpenClaw\workspace\13-memory\NOTE_C-2026-03-04-Medium-HighQuality-Articles_v1.0.md","3454","2026/3/6 14:12:46"
"D:\OpenClaw\workspace\13-memory\NOTE_Collection_Summary_2026-03-02-1845_v1.0.md","2683","2026/3/6 14:12:46"
"D:\OpenClaw\workspace\13-memory\NOTE_Collection_Summary_2026-03-02-1922_v1.0.md","3380","2026/3/6 14:12:46"
"D:\OpenClaw\workspace\13-memory\NOTE_Collection_Summary_2026-03-02-1934_v1.0.md","3904","2026/3/6 14:12:46"
"D:\OpenClaw\workspace\13-memory\NOTE_Collection_Summary_2026-03-02_v1.0.md","3291","2026/3/6 14:12:46"
"D:\OpenClaw\workspace\13-memory\NOTE_Collection_Summary_2026-03-04-2053_v1.0.md","4733","2026/3/6 14:12:46"
"D:\OpenClaw\workspace\13-memory\NOTE_Collection_Summary_2026-03-04-FINAL_v1.0.md","12427","2026/3/6 23:34:49"
"D:\OpenClaw\workspace\13-memory\NOTE_Daily_2026-03-02-index_v1.0.md","3641","2026/3/6 14:12:46"
"D:\OpenClaw\workspace\13-memory\NOTE_Daily_2026-03-02_v1.0.md","22673","2026/3/6 14:12:46"
"D:\OpenClaw\workspace\13-memory\NOTE_Daily_2026-03-03_v1.0.md","45062","2026/3/6 14:12:46"
"D:\OpenClaw\workspace\13-memory\NOTE_Daily_2026-03-04-evermemos-research_v1.0.md","4644","2026/3/6 14:12:46"
"D:\OpenClaw\workspace\13-memory\NOTE_Daily_2026-03-04-summary_v1.0.md","4941","2026/3/6 14:12:46"
"D:\OpenClaw\workspace\13-memory\NOTE_Daily_2026-03-04_v1.0.md","8572","2026/3/6 14:12:46"
"D:\OpenClaw\workspace\13-memory\NOTE_Daily_2026-03-05_v1.0.md","6786","2026/3/6 23:33:34"
"D:\OpenClaw\workspace\13-memory\NOTE_Daily_2026-03-06_v1.0.md","7810","2026/3/6 22:28:15"
"D:\OpenClaw\workspace\13-memory\NOTE_distill-report-2026-03-04_v1.0.md","351","2026/3/6 14:12:46"
"D:\OpenClaw\workspace\13-memory\NOTE_evermemos-verify-2026-03-04_v1.0.md","4382","2026/3/6 14:12:46"
"D:\OpenClaw\workspace\13-memory\NOTE_learning-notes-2026-03-04-youtube-pokemon-firered-leafgreen_v1.0.md","4492","2026/3/6 14:12:46"
"D:\OpenClaw\workspace\13-memory\NOTE_learning-notes-2026-03-04_v1.0.md","8443","2026/3/6 14:12:46"
"D:\OpenClaw\workspace\13-memory\NOTE_security-audit-2026-03-03_v1.0.md","461","2026/3/6 14:12:46"
"D:\OpenClaw\workspace\13-memory\NOTE_status-2026-03-02-1720_v1.0.md","1185","2026/3/6 14:12:46"
"D:\OpenClaw\workspace\13-memory\NOTE_SYNC-STATUS-2026-03-02-2033_v1.0.md","568","2026/3/6 14:12:46"
"D:\OpenClaw\workspace\13-memory\NOTE_SYSTEM-IMPROVEMENT-JOURNEY_v1.0.md","6287","2026/3/6 14:12:46"
"D:\OpenClaw\workspace\13-memory\NOTE_system-ready-2026-03-04-1915_v1.0.md","3122","2026/3/6 14:12:46"
"D:\OpenClaw\workspace\13-memory\NOTE_task-status-2026-03-06-1425_v1.0.md","1756","2026/3/6 14:28:49"
"D:\OpenClaw\workspace\13-memory\NOTE_Task_List_content-update_v1.0.md","1594","2026/3/6 14:12:46"
"D:\OpenClaw\workspace\13-memory\NOTE_Task_List_phase10_v1.0.md","2394","2026/3/6 14:12:46"
"D:\OpenClaw\workspace\13-memory\NOTE_Task_List_phase11_v1.0.md","5093","2026/3/6 14:12:46"
"D:\OpenClaw\workspace\13-memory\NOTE_Task_List_phase12_v1.0.md","10954","2026/3/6 14:12:46"
"D:\OpenClaw\workspace\13-memory\NOTE_Task_List_phase3_v1.0.md","4902","2026/3/6 14:12:46"
"D:\OpenClaw\workspace\13-memory\NOTE_Task_List_phase4_v1.0.md","3288","2026/3/6 14:12:46"
"D:\OpenClaw\workspace\13-memory\NOTE_Task_List_phase5_v1.0.md","3265","2026/3/6 14:12:46"
"D:\OpenClaw\workspace\13-memory\NOTE_Task_List_phase6_v1.0.md","2281","2026/3/6 14:12:46"
"D:\OpenClaw\workspace\13-memory\NOTE_Task_List_phase7_v1.0.md","1517","2026/3/6 14:12:46"
"D:\OpenClaw\workspace\13-memory\NOTE_Task_List_phase8_v1.0.md","2185","2026/3/6 14:12:46"
"D:\OpenClaw\workspace\13-memory\NOTE_Task_List_phase9_v1.0.md","2252","2026/3/6 14:12:46"
"D:\OpenClaw\workspace\13-memory\NOTE_TODO-2026-03-05_v1.0.md","3597","2026/3/6 14:12:46"
"D:\OpenClaw\workspace\13-memory\NOTE_Twitter-2026-03-04-sanbuphy_v1.0.md","2491","2026/3/6 14:12:46"
"D:\OpenClaw\workspace\13-memory\README.md","3793","2026/3/6 23:10:13"
"D:\OpenClaw\workspace\13-memory\P-Notes\NOTE_Paper_2026-MA-CoNav-Multi-Agent-VLN_v1.0.md","6005","2026/3/6 14:12:46"
"D:\OpenClaw\workspace\13-memory\P-Notes\NOTE_Paper_2026-REGAL-Enterprise-Agentic-AI_v1.0.md","7994","2026/3/6 14:12:46"
"D:\OpenClaw\workspace\13-memory\tests\DOC_Test_claude-skills-planning-test_v1.0.md","5034","2026/3/6 14:12:46"
"D:\OpenClaw\workspace\14-notes\NOTE_P-Note-FAD-encoder-bias-2602.23958_v1.0.md","6648","2026/3/6 14:12:12"
"D:\OpenClaw\workspace\15-docs\DOC_AI_MATERIALS_INTEGRATION_SUMMARY_v1.0.md","2370","2026/3/6 14:12:46"
"D:\OpenClaw\workspace\15-docs\DOC_API_v1.0.md","3389","2026/3/6 14:12:46"
"D:\OpenClaw\workspace\15-docs\DOC_AUTOMATED_RESEARCH_SYSTEM_v1.0.md","9956","2026/3/6 23:34:49"
"D:\OpenClaw\workspace\15-docs\DOC_AUTOMATION_IMPLEMENTATION_v1.0.md","23172","2026/3/6 14:12:46"
"D:\OpenClaw\workspace\15-docs\DOC_AUTO_RECOVERY_v1.0.md","2267","2026/3/6 14:12:46"
"D:\OpenClaw\workspace\15-docs\DOC_CGCNN_CPU_OPTIMIZED_v1.0.md","7417","2026/3/6 14:12:46"
"D:\OpenClaw\workspace\15-docs\DOC_CGCNN_VS_MEGNET_v1.0.md","6460","2026/3/6 23:33:34"
"D:\OpenClaw\workspace\15-docs\DOC_CLI_REFERENCE_v1.0.md","4336","2026/3/6 23:33:34"
"D:\OpenClaw\workspace\15-docs\DOC_CLI_TOOL_v1.0.md","4112","2026/3/6 14:12:46"
"D:\OpenClaw\workspace\15-docs\DOC_CODE_QUALITY_REPORT_v1.0.md","1037","2026/3/6 14:12:46"
"D:\OpenClaw\workspace\15-docs\DOC_CODE_QUALITY_v1.0.md","2639","2026/3/6 14:12:46"
"D:\OpenClaw\workspace\15-docs\DOC_DAILY_REPORT_PHASE12_DAY1_v1.0.md","5679","2026/3/6 14:12:46"
"D:\OpenClaw\workspace\15-docs\DOC_DAY1_COMPLETE_FINAL_v1.0.md","1996","2026/3/6 14:12:46"
"D:\OpenClaw\workspace\15-docs\DOC_DAY1_COMPLETE_REPORT_v1.0.md","6373","2026/3/6 14:12:46"
"D:\OpenClaw\workspace\15-docs\DOC_DAY1_FINAL_REPORT_v1.0.md","4695","2026/3/6 14:12:46"
"D:\OpenClaw\workspace\15-docs\DOC_DEPLOYMENT_GUIDE_v1.0.md","2325","2026/3/6 23:34:50"
"D:\OpenClaw\workspace\15-docs\DOC_DEPLOYMENT_v1.0.md","3340","2026/3/6 14:12:46"
"D:\OpenClaw\workspace\15-docs\DOC_DOC_AI_FOR_MATERIALS_TRACKING_V1.0_v1.0.md","3082","2026/3/6 23:34:49"
"D:\OpenClaw\workspace\15-docs\DOC_FOLDER_INDEX_v1.0.md","6243","2026/3/6 23:09:31"
"D:\OpenClaw\workspace\15-docs\DOC_KUBERNETES_DEPLOYMENT_v1.0.md","25617","2026/3/6 23:34:49"
"D:\OpenClaw\workspace\15-docs\DOC_LINK_INDEX_v1.0.md","7690","2026/3/6 23:26:45"
"D:\OpenClaw\workspace\15-docs\DOC_LINK_MAINTENANCE_v1.0.md","3968","2026/3/6 23:26:45"
"D:\OpenClaw\workspace\15-docs\DOC_MATERIALS_API_DESIGN_v1.0.md","7516","2026/3/6 14:12:46"
"D:\OpenClaw\workspace\15-docs\DOC_MATERIALS_API_KEY_SETUP_v1.0.md","1960","2026/3/6 14:12:46"
"D:\OpenClaw\workspace\15-docs\DOC_MATERIALS_DATABASE_INTEGRATION_v1.0.md","1764","2026/3/6 14:12:46"
"D:\OpenClaw\workspace\15-docs\DOC_MATERIALS_DEPLOYMENT_DESIGN_v1.0.md","17893","2026/3/6 14:12:46"
"D:\OpenClaw\workspace\15-docs\DOC_MATERIALS_DOCKER_DEPLOYMENT_v1.0.md","15460","2026/3/6 23:34:49"
"D:\OpenClaw\workspace\15-docs\DOC_MATERIALS_FINAL_VERIFICATION_v1.0.md","4396","2026/3/6 14:12:46"
"D:\OpenClaw\workspace\15-docs\DOC_MATERIALS_KNOWLEDGE_GRAPH_v1.0.md","3110","2026/3/6 23:34:49"
"D:\OpenClaw\workspace\15-docs\DOC_MATERIALS_MONITORING_v1.0.md","1854","2026/3/6 14:12:46"
"D:\OpenClaw\workspace\15-docs\DOC_MATERIALS_PROPERTY_PREDICTOR_v1.0.md","3331","2026/3/6 14:12:46"
"D:\OpenClaw\workspace\15-docs\DOC_MATERIALS_SYSTEM_COMPLETE_v1.0.md","11210","2026/3/6 23:34:49"
"D:\OpenClaw\workspace\15-docs\DOC_MATERIALS_TESTING_DESIGN_v1.0.md","17793","2026/3/6 14:12:46"
"D:\OpenClaw\workspace\15-docs\DOC_OPERATIONS_v1.0.md","2244","2026/3/6 14:12:46"
"D:\OpenClaw\workspace\15-docs\DOC_PAPER_ANALYSIS_PIPELINE_v1.0.md","6821","2026/3/6 14:12:46"
"D:\OpenClaw\workspace\15-docs\DOC_PERFORMANCE_OPTIMIZATION_v1.0.md","4454","2026/3/6 14:12:46"
"D:\OpenClaw\workspace\15-docs\DOC_PERFORMANCE_OPTIMIZATION_V2_v1.0.md","2219","2026/3/6 14:12:46"
"D:\OpenClaw\workspace\15-docs\DOC_PHASE12_COMPLETE_v1.0.md","2990","2026/3/6 14:12:46"
"D:\OpenClaw\workspace\15-docs\DOC_PHASE12_DAY1_FINAL_v1.0.md","5792","2026/3/6 14:12:46"
"D:\OpenClaw\workspace\15-docs\DOC_PHASE12_DAY1_SUMMARY_v1.0.md","7411","2026/3/6 14:12:46"
"D:\OpenClaw\workspace\15-docs\DOC_PHASE12_FINAL_REPORT_v1.0.md","3768","2026/3/6 14:12:46"
"D:\OpenClaw\workspace\15-docs\DOC_PHASE12_QUALITY_REPORT_v1.0.md","5641","2026/3/6 14:12:46"
"D:\OpenClaw\workspace\15-docs\DOC_PLUGIN_DEVELOPMENT_v1.0.md","5900","2026/3/6 14:12:46"
"D:\OpenClaw\workspace\15-docs\DOC_PLUGIN_MARKETPLACE_v1.0.md","2139","2026/3/6 14:12:46"
"D:\OpenClaw\workspace\15-docs\DOC_README_v1.0.md","10200","2026/3/6 23:34:49"
"D:\OpenClaw\workspace\15-docs\DOC_READ_v1.0.md","806","2026/3/6 14:12:46"
"D:\OpenClaw\workspace\15-docs\DOC_REORGANIZATION_FINAL_REPORT_v1.0.md","3483","2026/3/6 14:12:46"
"D:\OpenClaw\workspace\15-docs\DOC_ROADMAP_PHASE12_v1.0.md","5609","2026/3/6 14:12:46"
"D:\OpenClaw\workspace\15-docs\DOC_ROADMAP_v1.0.md","7416","2026/3/6 14:12:46"
"D:\OpenClaw\workspace\15-docs\DOC_SECURITY_HARDENING_v1.0.md","3259","2026/3/6 23:33:33"
"D:\OpenClaw\workspace\15-docs\DOC_SYNTHESIS_PATHWAY_RECOMMENDER_v1.0.md","3879","2026/3/6 14:12:46"
"D:\OpenClaw\workspace\15-docs\DOC_SYSTEM_ARCHITECTURE_v1.0.md","11936","2026/3/6 23:34:49"
"D:\OpenClaw\workspace\15-docs\DOC_TROUBLESHOOTING_v1.0.md","4301","2026/3/6 23:33:34"
"D:\OpenClaw\workspace\15-docs\DOC_USAGE_EXAMPLES_v1.0.md","6146","2026/3/6 23:34:49"
"D:\OpenClaw\workspace\15-docs\DOC_USER_GUIDE_v1.0.md","4803","2026/3/6 14:12:46"
"D:\OpenClaw\workspace\15-docs\DOC_WEB_API_CONNECTION_GUIDE_v1.0.md","2606","2026/3/6 14:12:46"
"D:\OpenClaw\workspace\15-docs\DOC_WEB_DASHBOARD_v1.0.md","1620","2026/3/6 14:12:46"
"D:\OpenClaw\workspace\15-docs\DOC_WORKSPACE_LAYOUT_v1.0.md","3097","2026/3/6 14:12:46"
"D:\OpenClaw\workspace\15-docs\api-docs\API-ENDPOINTS-V2.md","2776","2026/3/6 14:12:46"
"D:\OpenClaw\workspace\15-docs\api-docs\CORE-TEST-CASES.md","2819","2026/3/6 14:12:46"
"D:\OpenClaw\workspace\15-docs\api-docs\MATERIALS-API-DESIGN.md","3552","2026/3/6 14:12:46"
"D:\OpenClaw\workspace\15-docs\api-docs\MATERIALS-CLI-DESIGN.md","3674","2026/3/6 14:12:46"
"D:\OpenClaw\workspace\15-docs\deployment\DOCKER-DEPLOYMENT-GUIDE.md","3912","2026/3/6 23:34:49"
"D:\OpenClaw\workspace\15-docs\deployment\KUBERNETES-DEPLOYMENT.md","2483","2026/3/6 14:12:46"
"D:\OpenClaw\workspace\15-docs\deployment\MATERIALS-DOCKER-DEPLOYMENT.md","3022","2026/3/6 14:12:46"
"D:\OpenClaw\workspace\15-docs\deployment\MONGODB-SETUP-GUIDE.md","3579","2026/3/6 14:12:46"
"D:\OpenClaw\workspace\15-docs\design\ACADEMIC-NETWORK-DESIGN.md","1727","2026/3/6 14:12:46"
"D:\OpenClaw\workspace\15-docs\design\CRYSTAL-VISUALIZER-DESIGN.md","2254","2026/3/6 14:12:46"
"D:\OpenClaw\workspace\15-docs\design\FEATURE-RESEARCH.md","3039","2026/3/6 14:12:46"
"D:\OpenClaw\workspace\15-docs\design\MATERIALS-DEPLOYMENT-DESIGN.md","4966","2026/3/6 14:12:46"
"D:\OpenClaw\workspace\15-docs\design\MATERIALS-SCIENCE-EXPANSION.md","3881","2026/3/6 14:12:46"
"D:\OpenClaw\workspace\15-docs\design\MATERIALS-TESTING-DESIGN.md","3752","2026/3/6 14:12:46"
"D:\OpenClaw\workspace\15-docs\design\MATERIALS-WEB-UI-DESIGN.md","2741","2026/3/6 14:12:46"
"D:\OpenClaw\workspace\15-docs\design\SUBMISSION-ADVISOR-DESIGN.md","2175","2026/3/6 14:12:46"
"D:\OpenClaw\workspace\15-docs\design\SYSTEM-OPTIMIZATION-CHECKLIST.md","2469","2026/3/6 14:12:46"
"D:\OpenClaw\workspace\15-docs\design\VIDEO-ANALYZER-DESIGN.md","1647","2026/3/6 14:12:46"
"D:\OpenClaw\workspace\15-docs\design\WEB-UI-PROTOTYPE.md","5421","2026/3/6 14:12:46"
"D:\OpenClaw\workspace\15-docs\reports\BEST-PRACTICES.md","5218","2026/3/6 23:34:49"
"D:\OpenClaw\workspace\15-docs\reports\context-limit-config.md","2134","2026/3/6 14:12:46"
"D:\OpenClaw\workspace\15-docs\reports\FINAL-PROJECT-REPORT.md","7398","2026/3/6 14:12:46"
"D:\OpenClaw\workspace\15-docs\reports\FINAL-SUMMARY.md","4025","2026/3/6 14:12:46"
"D:\OpenClaw\workspace\15-docs\reports\FINAL-SYSTEM-REPORT.md","8119","2026/3/6 23:34:49"
"D:\OpenClaw\workspace\15-docs\reports\LONG-TERM-MAINTENANCE.md","2900","2026/3/6 14:12:46"
"D:\OpenClaw\workspace\15-docs\reports\PHASE12-FINAL-REPORT.md","3493","2026/3/6 14:12:46"
"D:\OpenClaw\workspace\15-docs\reports\ROADMAP-PHASE3.md","9317","2026/3/6 14:12:46"
"D:\OpenClaw\workspace\15-docs\reports\ROADMAP-PHASE4.md","4734","2026/3/6 14:12:46"
"D:\OpenClaw\workspace\15-docs\reports\SYSTEM-VERIFICATION-REPORT-V2.md","1494","2026/3/6 14:12:46"
"D:\OpenClaw\workspace\15-docs\reports\SYSTEM-VERIFICATION-REPORT.md","3607","2026/3/6 14:12:46"
"D:\OpenClaw\workspace\15-docs\user-guides\FAQ.md","2127","2026/3/6 14:12:46"
"D:\OpenClaw\workspace\15-docs\user-guides\QUICKSTART.md","2364","2026/3/6 14:12:46"
"D:\OpenClaw\workspace\15-docs\user-guides\USAGE-GUIDE.md","2372","2026/3/6 14:12:46"
"D:\OpenClaw\workspace\15-docs\user-guides\USER-MANUAL.md","6918","2026/3/6 14:12:46"
"D:\OpenClaw\workspace\21-reports\DOC_100-COMPLETE.md","4772","2026/3/6 14:12:13"
"D:\OpenClaw\workspace\21-reports\DOC_18-SKILLS-COMPLETE.md","4444","2026/3/6 14:12:13"
"D:\OpenClaw\workspace\21-reports\learning-resources-index-2026-03-04.md","6879","2026/3/6 14:12:13"
"D:\OpenClaw\workspace\21-reports\README.md","3047","2026/3/6 14:12:13"
"D:\OpenClaw\workspace\21-reports\REP_ADVANCED-SKILLS-BATCH2.md","6886","2026/3/6 14:12:13"
"D:\OpenClaw\workspace\21-reports\REP_ADVANCED-SKILLS-INTEGRATION.md","12026","2026/3/6 14:12:13"
"D:\OpenClaw\workspace\21-reports\REP_arxiv-task-fix-report.md","3728","2026/3/6 14:12:13"
"D:\OpenClaw\workspace\21-reports\REP_AUTO-RESEARCH-REPORT-2026-03-05.md","737","2026/3/6 14:12:13"
"D:\OpenClaw\workspace\21-reports\REP_BATCH-5-INTEGRATION.md","8104","2026/3/6 14:12:13"
"D:\OpenClaw\workspace\21-reports\REP_batch-processor-test-plan.md","3123","2026/3/6 14:12:13"
"D:\OpenClaw\workspace\21-reports\REP_BINANCE-INTEGRATION.md","7798","2026/3/6 14:12:13"
"D:\OpenClaw\workspace\21-reports\REP_collection-report-2026-03-04-extended.md","4432","2026/3/6 14:12:13"
"D:\OpenClaw\workspace\21-reports\REP_collection-report-2026-03-04.md","3187","2026/3/6 14:12:13"
"D:\OpenClaw\workspace\21-reports\REP_COMPLETE-INTEGRATION-FINAL-V2.md","9086","2026/3/6 14:12:13"
"D:\OpenClaw\workspace\21-reports\REP_COMPLETE-INTEGRATION-FINAL.md","6035","2026/3/6 14:12:13"
"D:\OpenClaw\workspace\21-reports\REP_daily-summary-2026-03-05.md","6980","2026/3/6 14:12:13"
"D:\OpenClaw\workspace\21-reports\REP_end-to-end-workflow-test-2026-03-04.md","5781","2026/3/6 23:34:49"
"D:\OpenClaw\workspace\21-reports\REP_EXTRA-SKILLS-RECOMMENDATIONS.md","6655","2026/3/6 14:12:13"
"D:\OpenClaw\workspace\21-reports\REP_file-distribution-optimization-2026-03-04.md","6064","2026/3/6 14:12:13"
"D:\OpenClaw\workspace\21-reports\REP_file-layout-optimization-2026-03-04.md","9280","2026/3/6 14:12:13"
"D:\OpenClaw\workspace\21-reports\REP_FINAL-INTEGRATION-REPORT.md","11596","2026/3/6 14:12:13"
"D:\OpenClaw\workspace\21-reports\REP_FINAL-STATUS.md","3910","2026/3/6 14:12:13"
"D:\OpenClaw\workspace\21-reports\REP_github-mcp-setup.md","2557","2026/3/6 14:12:13"
"D:\OpenClaw\workspace\21-reports\REP_INSTALL-GUIDE.md","6943","2026/3/6 14:12:13"
"D:\OpenClaw\workspace\21-reports\REP_knowledge-graph-automation-setup-2026-03-05.md","5435","2026/3/6 14:12:13"
"D:\OpenClaw\workspace\21-reports\REP_knowledge-graph-enhancement-complete-2026-03-05.md","3600","2026/3/6 14:12:13"
"D:\OpenClaw\workspace\21-reports\REP_knowledge-graph-enhancement-plan-2026-03-04.md","5543","2026/3/6 14:12:13"
"D:\OpenClaw\workspace\21-reports\REP_knowledge-graph-visualization-complete-2026-03-05.md","4675","2026/3/6 14:12:13"
"D:\OpenClaw\workspace\21-reports\REP_low-priority-tasks-complete.md","5195","2026/3/6 14:12:13"
"D:\OpenClaw\workspace\21-reports\REP_MANUAL-SUMMARIZE-INSTALL.md","2205","2026/3/6 14:12:13"
"D:\OpenClaw\workspace\21-reports\REP_MATERIALS-DEEP-RESEARCH-2026-03-05.md","4869","2026/3/6 14:12:13"
"D:\OpenClaw\workspace\21-reports\REP_MATERIALS-DEEP-RESEARCH-FINAL.md","10689","2026/3/6 14:12:13"
"D:\OpenClaw\workspace\21-reports\REP_MATERIALS-RESEARCH-REPORT-2026-03-05.md","7209","2026/3/6 14:12:13"
"D:\OpenClaw\workspace\21-reports\REP_mcp-setup-summary.md","3089","2026/3/6 14:12:13"
"D:\OpenClaw\workspace\21-reports\REP_medium-priority-tasks-report.md","5896","2026/3/6 14:12:13"
"D:\OpenClaw\workspace\21-reports\REP_obsidian-auto-sync-setup.md","6198","2026/3/6 14:12:13"
"D:\OpenClaw\workspace\21-reports\REP_obsidian-sync-configured.md","5219","2026/3/6 14:12:13"
"D:\OpenClaw\workspace\21-reports\REP_obsidian-sync-status-2026-03-04.md","5694","2026/3/6 14:12:13"
"D:\OpenClaw\workspace\21-reports\REP_optimization-complete-2026-03-04.md","3085","2026/3/6 14:12:13"
"D:\OpenClaw\workspace\21-reports\REP_pdf-archive-report-2026-03-04.md","3516","2026/3/6 14:12:13"
"D:\OpenClaw\workspace\21-reports\REP_QUICK-INSTALL.md","2851","2026/3/6 14:12:13"
"D:\OpenClaw\workspace\21-reports\REP_security-audit-task-setup.md","4022","2026/3/6 14:12:13"
"D:\OpenClaw\workspace\21-reports\REP_skill-integration-complete.md","7555","2026/3/6 23:34:49"
"D:\OpenClaw\workspace\21-reports\REP_SKILL-INTEGRATION-GUIDE.md","4454","2026/3/6 14:12:13"
"D:\OpenClaw\workspace\21-reports\REP_skills-usage-examples.md","8746","2026/3/6 14:12:13"
"D:\OpenClaw\workspace\21-reports\REP_SOLID-STATE-BATTERY-DEEP-DIVE.md","14758","2026/3/6 14:12:13"
"D:\OpenClaw\workspace\21-reports\REP_SOLID-STATE-BATTERY-EXPERIMENT-PLAN.md","11456","2026/3/6 23:34:49"
"D:\OpenClaw\workspace\21-reports\REP_storage-optimization-report-2026-03-04.md","5093","2026/3/6 14:12:13"
"D:\OpenClaw\workspace\21-reports\REP_SUMMARIZE-BLOGWATCHER-INTEGRATION.md","7694","2026/3/6 14:12:13"
"D:\OpenClaw\workspace\21-reports\REP_task-completion-report-2026-03-04.md","4061","2026/3/6 14:12:13"
"D:\OpenClaw\workspace\21-reports\REP_task-report-2026-03-04-1430.md","3682","2026/3/6 14:12:13"
"D:\OpenClaw\workspace\21-reports\REP_task-schedule-verification-2026-03-04.md","4674","2026/3/6 14:12:13"
"D:\OpenClaw\workspace\21-reports\REP_TDD-DEBUG-INTEGRATION.md","6164","2026/3/6 14:12:13"
"D:\OpenClaw\workspace\21-reports\REP_weekly-report-2026-w10.md","8162","2026/3/6 14:12:13"
"D:\OpenClaw\workspace\21-reports\research-stats-2026-03-04.md","1327","2026/3/6 14:12:13"
"D:\OpenClaw\workspace\21-reports\analysis\MAT_ANA_LIGConductivity_LinkHeat_2026-03-06_v1.0.md","1551","2026/3/6 23:23:03"
"D:\OpenClaw\workspace\21-reports\analysis\MAT_ANA_LIGConductivity_LinkRecommendations_2026-03-06_v1.0.md","7792","2026/3/6 23:34:57"
"D:\OpenClaw\workspace\21-reports\audit\MAT_AUDIT_LIGConductivity_AutoLink_2026-03-06_v1.0.md","31978","2026/3/6 23:34:49"
"D:\OpenClaw\workspace\21-reports\audit\MAT_AUDIT_LIGConductivity_BrokenLinkFixes_2026-03-06_v1.0.md","596","2026/3/6 23:34:51"
"D:\OpenClaw\workspace\21-reports\audit\MAT_AUDIT_LIGConductivity_BrokenLinks_2026-03-06_v1.0.md","45547","2026/3/6 23:41:32"
"D:\OpenClaw\workspace\21-reports\benchmark\skill-benchmark-2026-03.md","3063","2026/3/6 14:12:13"
"D:\OpenClaw\workspace\21-reports\comparisons\comparison-llm-20260304-0302.md","4227","2026/3/6 14:12:13"
"D:\OpenClaw\workspace\21-reports\daily\daily-report-2026-03-04.md","9736","2026/3/6 14:12:13"
"D:\OpenClaw\workspace\21-reports\monitoring\dashboard-2026-03-04.md","5031","2026/3/6 14:12:13"
"D:\OpenClaw\workspace\22-distilled-viewpoints\AG-004-agentic-ai-architecture-shift.md","3373","2026/3/6 14:12:13"
"D:\OpenClaw\workspace\23-topics\agentic-ai.md","5155","2026/3/6 14:12:13"
"D:\OpenClaw\workspace\23-topics\llm-reasoning.md","4532","2026/3/6 14:12:13"
"D:\OpenClaw\workspace\23-topics\mcp-ecosystem.md","5121","2026/3/6 14:12:13"
"D:\OpenClaw\workspace\24-tags\auto-tag-report-20260304-0256.md","4147","2026/3/6 14:12:13"
"D:\OpenClaw\workspace\30-scripts\DOC_Acceptance_Criteria_v1.0.md","7695","2026/3/6 23:38:41"
"D:\OpenClaw\workspace\30-scripts\DOC_Arxiv_Collector_v2_Deploy_v1.0.md","5012","2026/3/6 14:12:13"
"D:\OpenClaw\workspace\30-scripts\DOC_Automation_Summary_v1.0.md","3436","2026/3/6 23:35:24"
"D:\OpenClaw\workspace\30-scripts\DOC_CPU_Limit_Config_v1.0.md","3469","2026/3/6 14:12:46"
"D:\OpenClaw\workspace\30-scripts\DOC_Detail_Rigor_Reflection_v1.0.md","3219","2026/3/7 0:19:01"
"D:\OpenClaw\workspace\30-scripts\DOC_Files_ToRename_v1.0.md","3001","2026/3/6 23:58:24"
"D:\OpenClaw\workspace\30-scripts\DOC_File_Naming_Audit_v1.0.md","3143","2026/3/7 0:20:39"
"D:\OpenClaw\workspace\30-scripts\DOC_File_Naming_Standard_v2.0.md","9075","2026/3/7 0:26:39"
"D:\OpenClaw\workspace\30-scripts\DOC_File_Organization_Rules_v1.0.md","4025","2026/3/6 23:50:37"
"D:\OpenClaw\workspace\30-scripts\DOC_Multi_Agent_Design_v1.0.md","3679","2026/3/6 14:12:46"
"D:\OpenClaw\workspace\30-scripts\DOC_Naming_Conventions_v1.0.md","5454","2026/3/7 0:13:41"
"D:\OpenClaw\workspace\30-scripts\DOC_Optimization_Summary_v1.0.md","4206","2026/3/6 14:12:46"
"D:\OpenClaw\workspace\30-scripts\DOC_Reddit_API_Setup_v1.0.md","1511","2026/3/6 14:12:46"
"D:\OpenClaw\workspace\30-scripts\DOC_Reddit_Setup_v1.0.md","1777","2026/3/6 14:12:46"
"D:\OpenClaw\workspace\30-scripts\DOC_Research_Naming_Standard_v4.0.md","7435","2026/3/7 0:38:01"
"D:\OpenClaw\workspace\30-scripts\DOC_Research_Naming_Standard_v4.1_Complete.md","9341","2026/3/7 0:45:13"
"D:\OpenClaw\workspace\30-scripts\DOC_Template_Naming_Rule_v1.0.md","2901","2026/3/7 0:07:04"
"D:\OpenClaw\workspace\30-scripts\DOC_TODO_Fixes_v1.0.md","2613","2026/3/6 23:42:10"
"D:\OpenClaw\workspace\30-scripts\DOC_Twitter_API_Research_v1.0.md","1727","2026/3/6 14:12:47"
"D:\OpenClaw\workspace\30-scripts\DOC_Twitter_Integration_v1.0.md","1537","2026/3/6 14:12:47"
"D:\OpenClaw\workspace\30-scripts\DOC_Weather_README_v1.0.md","7946","2026/3/6 14:12:46"
"D:\OpenClaw\workspace\30-scripts\DOC_Zero_Error_Standards_v1.0.md","5197","2026/3/6 23:47:39"
"D:\OpenClaw\workspace\30-scripts\README.md","3075","2026/3/6 23:10:13"
"D:\OpenClaw\workspace\30-scripts\SESSION_SUMMARY_2026-03-07.md","733","2026/3/7 2:08:03"
"D:\OpenClaw\workspace\31-skills\README.md","2787","2026/3/6 23:10:13"
"D:\OpenClaw\workspace\31-skills\arxiv-translate\SKILL.md","735","2026/3/6 14:12:47"
"D:\OpenClaw\workspace\31-skills\binance\README.md","3669","2026/3/4 4:29:12"
"D:\OpenClaw\workspace\31-skills\binance\skills\binance\spot\LICENSE.md","1071","2026/3/4 4:29:12"
"D:\OpenClaw\workspace\31-skills\binance\skills\binance\spot\SKILL.md","25008","2026/3/4 4:29:12"
"D:\OpenClaw\workspace\31-skills\binance\skills\binance\spot\references\authentication.md","2945","2026/3/4 4:29:12"
"D:\OpenClaw\workspace\31-skills\binance\skills\binance-web3\crypto-market-rank\SKILL.md","15974","2026/3/4 4:29:12"
"D:\OpenClaw\workspace\31-skills\binance\skills\binance-web3\meme-rush\SKILL.md","13162","2026/3/4 4:29:12"
"D:\OpenClaw\workspace\31-skills\binance\skills\binance-web3\query-address-info\SKILL.md","3536","2026/3/4 4:29:12"
"D:\OpenClaw\workspace\31-skills\binance\skills\binance-web3\query-token-audit\SKILL.md","6134","2026/3/4 4:29:12"
"D:\OpenClaw\workspace\31-skills\binance\skills\binance-web3\query-token-info\SKILL.md","14325","2026/3/4 4:29:12"
"D:\OpenClaw\workspace\31-skills\binance\skills\binance-web3\trading-signal\SKILL.md","8159","2026/3/4 4:29:12"
"D:\OpenClaw\workspace\31-skills\ddg-web-search\SKILL.md","2058","2026/3/6 14:12:13"
"D:\OpenClaw\workspace\31-skills\notion\SKILL.md","5195","2026/3/6 14:12:13"
"D:\OpenClaw\workspace\31-skills\task-manager\SKILL.md","3678","2026/3/6 14:12:13"
"D:\OpenClaw\workspace\32-workflows\IMPLEMENTATION_SUMMARY.md","3637","2026/3/6 23:18:32"
"D:\OpenClaw\workspace\32-workflows\README.md","1530","2026/3/6 23:34:49"
"D:\OpenClaw\workspace\32-workflows\WORKFLOW_DASHBOARD.md","2798","2026/3/6 23:17:32"
"D:\OpenClaw\workspace\32-workflows\WORKFLOW_INDEX.md","7304","2026/3/6 23:13:31"
"D:\OpenClaw\workspace\32-workflows\00-auto-research\README.md","2059","2026/3/6 23:13:19"
"D:\OpenClaw\workspace\32-workflows\00-quality-control\README.md","3448","2026/3/6 14:12:13"
"D:\OpenClaw\workspace\32-workflows\01-arxiv-collect\README.md","1652","2026/3/6 23:13:19"
"D:\OpenClaw\workspace\32-workflows\02-paper-classification\README.md","5186","2026/3/6 14:12:13"
"D:\OpenClaw\workspace\32-workflows\03-trend-analysis\README.md","5103","2026/3/6 14:12:13"
"D:\OpenClaw\workspace\32-workflows\04-topic-clustering\README.md","6459","2026/3/6 14:12:13"
"D:\OpenClaw\workspace\32-workflows\05-report-gen\README.md","2039","2026/3/6 14:12:13"
"D:\OpenClaw\workspace\32-workflows\05-report-gen\templates\daily-report.md","454","2026/3/6 14:12:13"
"D:\OpenClaw\workspace\32-workflows\06-knowledge-graph\README.md","1984","2026/3/6 23:13:19"
"D:\OpenClaw\workspace\32-workflows\07-git-commit\README.md","2157","2026/3/6 14:12:13"
"D:\OpenClaw\workspace\32-workflows\08-research-docs\README.md","4179","2026/3/6 14:12:13"
"D:\OpenClaw\workspace\32-workflows\08-research-docs\templates\weekly-report.md","2511","2026/3/6 14:12:13"
"D:\OpenClaw\workspace\32-workflows\96-api-service\README.md","2020","2026/3/6 14:12:13"
"D:\OpenClaw\workspace\32-workflows\97-data-lake\README.md","2413","2026/3/6 14:12:13"
"D:\OpenClaw\workspace\32-workflows\98-feedback-loop\README.md","2168","2026/3/6 14:12:13"
"D:\OpenClaw\workspace\32-workflows\99-monitoring\README.md","3112","2026/3/6 14:12:13"
"D:\OpenClaw\workspace\33-dashboard\README.md","1862","2026/3/6 14:12:13"
"D:\OpenClaw\workspace\40-arxiv\Archive\2026-03\2026-03-02-priority.md","4289","2026/3/6 23:34:49"
"D:\OpenClaw\workspace\40-arxiv\Archive\2026-03\2026-03-03\csAI\125205-An Agentic LLM Framework for Adverse Media Screeni.md","1601","2026/3/6 14:12:13"
"D:\OpenClaw\workspace\40-arxiv\Archive\2026-03\2026-03-03\csAI\125205-HumanMCP A Human-Like Query Dataset for Evaluating.md","1671","2026/3/6 14:12:13"
"D:\OpenClaw\workspace\40-arxiv\Archive\2026-03\2026-03-03\csAI\125206-AI Must Embrace Specialization via Superhuman Adap.md","1754","2026/3/6 14:12:13"
"D:\OpenClaw\workspace\40-arxiv\Archive\2026-03\2026-03-03\csAI\125206-Causal Identification from Counterfactual Data Com.md","2137","2026/3/6 14:12:13"
"D:\OpenClaw\workspace\40-arxiv\Archive\2026-03\2026-03-03\csAI\125206-Construct, Merge, Solve and Adapt with Reinforceme.md","1904","2026/3/6 14:12:13"
"D:\OpenClaw\workspace\40-arxiv\Archive\2026-03\2026-03-03\csAI\125206-From Flat Logs to Causal Graphs Hierarchical Failu.md","1814","2026/3/6 14:12:13"
"D:\OpenClaw\workspace\40-arxiv\Archive\2026-03\2026-03-03\csAI\125206-Learning to Generate Secure Code via Token-Level R.md","1857","2026/3/6 14:12:13"
"D:\OpenClaw\workspace\40-arxiv\Archive\2026-03\2026-03-03\csAI\125206-MMKG-RDS Reasoning Data Synthesis via Deep Mining .md","1717","2026/3/6 14:12:13"
"D:\OpenClaw\workspace\40-arxiv\Archive\2026-03\2026-03-03\csAI\125206-ODAR Principled Adaptive Routing for LLM Reasoning.md","2189","2026/3/6 14:12:13"
"D:\OpenClaw\workspace\40-arxiv\Archive\2026-03\2026-03-03\csAI\125206-Planning under Distribution Shifts with Causal POM.md","1658","2026/3/6 14:12:13"
"D:\OpenClaw\workspace\40-arxiv\Archive\2026-03\2026-03-03\csAI\125206-PseudoAct Leveraging Pseudocode Synthesis for Flex.md","2055","2026/3/6 14:12:13"
"D:\OpenClaw\workspace\40-arxiv\Archive\2026-03\2026-03-03\csAI\125206-SleepLM Natural-Language Intelligence for Human Sl.md","1981","2026/3/6 14:12:13"
"D:\OpenClaw\workspace\40-arxiv\Archive\2026-03\2026-03-03\csAI\125207-FaultXformer A Transformer-Encoder Based Fault Cla.md","2573","2026/3/6 14:12:13"
"D:\OpenClaw\workspace\40-arxiv\Archive\2026-03\2026-03-03\csCL\125206-BRIDGE the Gap Mitigating Bias Amplification in Au.md","2499","2026/3/6 14:12:13"
"D:\OpenClaw\workspace\40-arxiv\Archive\2026-03\2026-03-03\csCL\125206-CiteAudit You Cited It, But Did You Read It A Benc.md","2124","2026/3/6 14:12:13"
"D:\OpenClaw\workspace\40-arxiv\Archive\2026-03\2026-03-03\csCL\125206-FHIRPath-QA Executable Question Answering over FHI.md","2092","2026/3/6 14:12:13"
"D:\OpenClaw\workspace\40-arxiv\Archive\2026-03\2026-03-03\csCL\125206-France or Spain or Germany or France A Neural Acco.md","1670","2026/3/6 14:12:13"
"D:\OpenClaw\workspace\40-arxiv\Archive\2026-03\2026-03-03\csCL\125206-Humans and LLMs Diverge on Probabilistic Inference.md","1795","2026/3/6 14:12:13"
"D:\OpenClaw\workspace\40-arxiv\Archive\2026-03\2026-03-03\csCL\125206-IDP Accelerator Agentic Document Intelligence from.md","2208","2026/3/6 14:12:13"
"D:\OpenClaw\workspace\40-arxiv\Archive\2026-03\2026-03-03\csCL\125206-Multi-Agent Causal Reasoning for Suicide Ideation .md","2363","2026/3/6 14:12:13"
"D:\OpenClaw\workspace\40-arxiv\Archive\2026-03\2026-03-03\csCL\125206-Task-Lens Cross-Task Utility Based Speech Dataset .md","2161","2026/3/6 14:12:13"
"D:\OpenClaw\workspace\40-arxiv\Archive\2026-03\2026-03-03\csCL\125206-Toward General Semantic Chunking A Discriminative .md","2071","2026/3/6 14:12:13"
"D:\OpenClaw\workspace\40-arxiv\Archive\2026-03\2026-03-03\csCL\125206-Truncated Step-Level Sampling with Process Rewards.md","2140","2026/3/6 14:12:13"
"D:\OpenClaw\workspace\40-arxiv\Archive\2026-03\2026-03-03\csCV\125206-All in One Unifying Deepfake Detection, Tampering .md","2153","2026/3/6 14:12:13"
"D:\OpenClaw\workspace\40-arxiv\Archive\2026-03\2026-03-03\csCV\125206-CycleBEV Regularizing View Transformation Networks.md","2106","2026/3/6 14:12:13"
"D:\OpenClaw\workspace\40-arxiv\Archive\2026-03\2026-03-03\csCV\125206-DesignSense A Human Preference Dataset and Reward .md","2657","2026/3/6 14:12:13"
"D:\OpenClaw\workspace\40-arxiv\Archive\2026-03\2026-03-03\csCV\125206-Evidential Neural Radiance Fields.md","1672","2026/3/6 14:12:13"
"D:\OpenClaw\workspace\40-arxiv\Archive\2026-03\2026-03-03\csCV\125206-Hyperdimensional Cross-Modal Alignment of Frozen L.md","2567","2026/3/6 14:12:13"
"D:\OpenClaw\workspace\40-arxiv\Archive\2026-03\2026-03-03\csCV\125206-LE-NeuS Latency-Efficient Neuro-Symbolic Video Und.md","2119","2026/3/6 14:12:13"
"D:\OpenClaw\workspace\40-arxiv\Archive\2026-03\2026-03-03\csCV\125206-Modelling and Simulation of Neuromorphic Datasets .md","2052","2026/3/6 14:12:13"
"D:\OpenClaw\workspace\40-arxiv\Archive\2026-03\2026-03-03\csCV\125206-No Calibration, No Depth, No Problem Cross-Sensor .md","1583","2026/3/6 14:12:13"
"D:\OpenClaw\workspace\40-arxiv\Archive\2026-03\2026-03-03\csCV\125206-Pseudo Contrastive Learning for Diagram Comprehens.md","971","2026/3/6 14:12:13"
"D:\OpenClaw\workspace\40-arxiv\Archive\2026-03\2026-03-03\csCV\125206-Synthetic Visual Genome 2 Extracting Large-scale S.md","2469","2026/3/6 14:12:13"
"D:\OpenClaw\workspace\40-arxiv\Archive\2026-03\2026-03-03\csDC\125206-2G2T Constant-Size, Statistically Sound MSM Outsou.md","1965","2026/3/6 14:12:13"
"D:\OpenClaw\workspace\40-arxiv\Archive\2026-03\2026-03-03\csDC\125206-Data Driven Optimization of GPU efficiency for Dis.md","2487","2026/3/6 14:12:13"
"D:\OpenClaw\workspace\40-arxiv\Archive\2026-03\2026-03-03\csDC\125206-Green or Fast Learning to Balance Cold Starts and .md","1793","2026/3/6 14:12:13"
"D:\OpenClaw\workspace\40-arxiv\Archive\2026-03\2026-03-03\csDC\125206-Hestia Hyperthread-Level Scheduling for Cloud Micr.md","2154","2026/3/6 14:12:13"
"D:\OpenClaw\workspace\40-arxiv\Archive\2026-03\2026-03-03\csDC\125206-Mixed Choice in Asynchronous Multiparty Session Ty.md","1462","2026/3/6 14:12:13"
"D:\OpenClaw\workspace\40-arxiv\Archive\2026-03\2026-03-03\csDC\125206-nvidia-pcm A D-Bus-Driven Platform Configuration M.md","1712","2026/3/6 14:12:13"
"D:\OpenClaw\workspace\40-arxiv\Archive\2026-03\2026-03-03\csDC\125206-QoSFlow Ensuring Service Quality of Distributed Wo.md","1746","2026/3/6 14:12:13"
"D:\OpenClaw\workspace\40-arxiv\Archive\2026-03\2026-03-03\csDC\125206-The PLUTO Code on GPUs Offloading Lagrangian Parti.md","2362","2026/3/6 14:12:13"
"D:\OpenClaw\workspace\40-arxiv\Archive\2026-03\2026-03-03\csIR\125206-Cross-Representation Knowledge Transfer for Improv.md","1808","2026/3/6 14:12:13"
"D:\OpenClaw\workspace\40-arxiv\Archive\2026-03\2026-03-03\csIR\125206-Democratizing GraphRAG Linear, CPU-Only Graph Retr.md","1280","2026/3/6 14:12:13"
"D:\OpenClaw\workspace\40-arxiv\Archive\2026-03\2026-03-03\csIR\125206-Domain-Partitioned Hybrid RAG for Legal Reasoning .md","1175","2026/3/6 14:12:13"
"D:\OpenClaw\workspace\40-arxiv\Archive\2026-03\2026-03-03\csIR\125206-Geodesic Semantic Search Learning Local Riemannian.md","1963","2026/3/6 14:12:13"
"D:\OpenClaw\workspace\40-arxiv\Archive\2026-03\2026-03-03\csIR\125206-Higress-RAG A Holistic Optimization Framework for .md","2299","2026/3/6 14:12:13"
"D:\OpenClaw\workspace\40-arxiv\Archive\2026-03\2026-03-03\csIR\125206-Keyword search is all you need Achieving RAG-Level.md","1927","2026/3/6 14:12:13"
"D:\OpenClaw\workspace\40-arxiv\Archive\2026-03\2026-03-03\csIR\125206-Learning to Reflect and Correct Towards Better Dec.md","2248","2026/3/6 14:12:13"
"D:\OpenClaw\workspace\40-arxiv\Archive\2026-03\2026-03-03\csIR\125206-Reason to Contrast A Cascaded Multimodal Retrieval.md","2110","2026/3/6 14:12:13"
"D:\OpenClaw\workspace\40-arxiv\Archive\2026-03\2026-03-03\csIR\125206-Synthetic Data Powers Product Retrieval for Long-t.md","2328","2026/3/6 14:12:13"
"D:\OpenClaw\workspace\40-arxiv\Archive\2026-03\2026-03-03\csIR\125206-Unified Learning-to-Rank for Multi-Channel Retriev.md","2275","2026/3/6 14:12:13"
"D:\OpenClaw\workspace\40-arxiv\Archive\2026-03\2026-03-03\csLG\125206-Brain-OF An Omnifunctional Foundation Model for fM.md","2085","2026/3/6 14:12:13"
"D:\OpenClaw\workspace\40-arxiv\Archive\2026-03\2026-03-03\csLG\125206-Detoxifying LLMs via Representation Erasure-Based .md","1941","2026/3/6 14:12:13"
"D:\OpenClaw\workspace\40-arxiv\Archive\2026-03\2026-03-03\csLG\125206-EvoX Meta-Evolution for Automated Discovery.md","2134","2026/3/6 14:12:13"
"D:\OpenClaw\workspace\40-arxiv\Archive\2026-03\2026-03-03\csLG\125206-FedDAG Clustered Federated Learning via Global Dat.md","2050","2026/3/6 14:12:13"
"D:\OpenClaw\workspace\40-arxiv\Archive\2026-03\2026-03-03\csLG\125206-Global Interpretability via Automated Preprocessin.md","1985","2026/3/6 14:12:13"
"D:\OpenClaw\workspace\40-arxiv\Archive\2026-03\2026-03-03\csLG\125206-Human Supervision as an Information Bottleneck A U.md","2306","2026/3/6 14:12:13"
"D:\OpenClaw\workspace\40-arxiv\Archive\2026-03\2026-03-03\csLG\125206-Long Range Frequency Tuning for QML.md","2424","2026/3/6 14:12:13"
"D:\OpenClaw\workspace\40-arxiv\Archive\2026-03\2026-03-03\csLG\125206-Rudder Steering Prefetching in Distributed GNN Tra.md","2115","2026/3/6 14:12:13"
"D:\OpenClaw\workspace\40-arxiv\Archive\2026-03\2026-03-03\csLG\125206-Sample Size Calculations for Developing Clinical P.md","2488","2026/3/6 14:12:13"
"D:\OpenClaw\workspace\40-arxiv\Archive\2026-03\2026-03-03\csLG\125206-U-CAN Utility-Aware Contrastive Attenuation for Ef.md","2292","2026/3/6 14:12:13"
"D:\OpenClaw\workspace\40-arxiv\Archive\2026-03\2026-03-03\csLG\125206-Uncertainty-aware Language Guidance for Concept Bo.md","2039","2026/3/6 14:12:13"
"D:\OpenClaw\workspace\40-arxiv\Archive\2026-03\2026-03-03\csLG\125207-A Variational Estimator for $L_p$ Calibration Erro.md","1614","2026/3/6 14:12:13"
"D:\OpenClaw\workspace\40-arxiv\Archive\2026-03\2026-03-03\csLG\125207-Active Bipartite Ranking with Smooth Posterior Dis.md","2130","2026/3/6 14:12:13"
"D:\OpenClaw\workspace\40-arxiv\Archive\2026-03\2026-03-03\csLG\125207-Fairness under Graph Uncertainty Achieving Interve.md","1926","2026/3/6 23:34:49"
"D:\OpenClaw\workspace\40-arxiv\Archive\2026-03\2026-03-03\csLG\125207-General Bayesian Policy Learning.md","1839","2026/3/6 14:12:13"
"D:\OpenClaw\workspace\40-arxiv\Archive\2026-03\2026-03-03\csLG\125207-Moment Matters Mean and Variance Causal Graph Disc.md","2088","2026/3/6 14:12:13"
"D:\OpenClaw\workspace\40-arxiv\Archive\2026-03\2026-03-03\csLG\125207-Multivariate Spatio-Temporal Neural Hawkes Process.md","1782","2026/3/6 14:12:13"
"D:\OpenClaw\workspace\40-arxiv\Archive\2026-03\2026-03-03\csLG\125207-Neural Operators Can Discover Functional Clusters.md","1506","2026/3/6 14:12:13"
"D:\OpenClaw\workspace\40-arxiv\Archive\2026-03\2026-03-03\csLG\125207-Partition Function Estimation under Bounded f-Dive.md","2323","2026/3/6 14:12:13"
"D:\OpenClaw\workspace\40-arxiv\Archive\2026-03\2026-03-03\csLG\125207-Uncovering Physical Drivers of Dark Matter Halo St.md","1994","2026/3/6 14:12:13"
"D:\OpenClaw\workspace\40-arxiv\Archive\2026-03\2026-03-03\csRO\125206-Cybersecurity of Teleoperated Quadruped Robots A S.md","1142","2026/3/6 14:12:13"
"D:\OpenClaw\workspace\40-arxiv\Archive\2026-03\2026-03-03\csRO\125206-Demystifying Action Space Design for Robotic Manip.md","1992","2026/3/6 14:12:13"
"D:\OpenClaw\workspace\40-arxiv\Archive\2026-03\2026-03-03\csRO\125206-KEEP A KV-Cache-Centric Memory Management System f.md","2209","2026/3/6 14:12:13"
"D:\OpenClaw\workspace\40-arxiv\Archive\2026-03\2026-03-03\csRO\125206-Printed helicoids with embedded air channels make .md","1825","2026/3/6 14:12:13"
"D:\OpenClaw\workspace\40-arxiv\Archive\2026-03\2026-03-03\csRO\125206-Refining Almost-Safe Value Functions on the Fly.md","1952","2026/3/6 14:12:13"
"D:\OpenClaw\workspace\40-arxiv\Archive\2026-03\2026-03-03\csRO\125207-MicroPush A Simulator and Benchmark for Contact-Ri.md","2027","2026/3/6 14:12:13"
"D:\OpenClaw\workspace\40-arxiv\Archive\2026-03\2026-03-03\csRO\125207-TaCarla A comprehensive benchmarking dataset for e.md","2599","2026/3/6 14:12:13"
"D:\OpenClaw\workspace\40-arxiv\Archive\2026-03\2026-03-03\csRO\125207-Tilt-X Enabling Compliant Aerial Manipulation thro.md","1868","2026/3/6 14:12:13"
"D:\OpenClaw\workspace\40-arxiv\Archive\2026-03\2026-03-03\csRO\125207-V-MORALS Visual Morse Graph-Aided Estimation of Re.md","1982","2026/3/6 14:12:13"
"D:\OpenClaw\workspace\40-arxiv\Archive\2026-03\2026-03-03\csRO\125207-VCA Vision-Click-Action Framework for Precise Mani.md","1617","2026/3/6 14:12:13"
"D:\OpenClaw\workspace\40-arxiv\Archive\2026-03\2026-03-03\csSE\125206-Context-Aware Functional Test Generation via Busin.md","2580","2026/3/6 14:12:13"
"D:\OpenClaw\workspace\40-arxiv\Archive\2026-03\2026-03-03\csSE\125206-Invariant-Driven Automated Testing.md","2259","2026/3/6 14:12:13"
"D:\OpenClaw\workspace\40-arxiv\Archive\2026-03\2026-03-03\csSE\125206-Novice Developers Produce Larger Review Overhead f.md","2098","2026/3/6 14:12:13"
"D:\OpenClaw\workspace\40-arxiv\Archive\2026-03\2026-03-03\csSE\125206-Peeling Off the Cocoon Unveiling Suppressed Golden.md","859","2026/3/6 14:12:13"
"D:\OpenClaw\workspace\40-arxiv\Archive\2026-03\2026-03-03\csSE\125206-SGAgent Suggestion-Guided LLM-Based Multi-Agent Fr.md","2442","2026/3/6 14:12:13"
"D:\OpenClaw\workspace\40-arxiv\Archive\2026-03\2026-03-03\csSE\125206-SWE-rebench V2 Language-Agnostic SWE Task Collecti.md","2356","2026/3/6 14:12:13"
"D:\OpenClaw\workspace\40-arxiv\Archive\2026-03\2026-03-03\csSE\125206-The Vocabulary of Flaky Tests in the Context of SA.md","2419","2026/3/6 14:12:13"
"D:\OpenClaw\workspace\40-arxiv\Archive\2026-03\2026-03-03\csSY\125207-Curriculum-Based Soft Actor-Critic for Multi-Secti.md","1515","2026/3/6 14:12:13"
"D:\OpenClaw\workspace\40-arxiv\Archive\2026-03\2026-03-03\csSY\125207-Data-Driven Linearization based Arc Fault Predicti.md","2414","2026/3/6 14:12:13"
"D:\OpenClaw\workspace\40-arxiv\Archive\2026-03\2026-03-03\csSY\125207-Lifecycle-Integrated Security for AI-Cloud Converg.md","2016","2026/3/6 14:12:13"
"D:\OpenClaw\workspace\40-arxiv\Archive\2026-03\2026-03-03\csSY\125207-Neural Luenberger state observer for nonautonomous.md","1609","2026/3/6 14:12:13"
"D:\OpenClaw\workspace\40-arxiv\Archive\2026-03\2026-03-03\csSY\125207-Observer-Based Estimation and Hydrostatic Inertia .md","1206","2026/3/6 14:12:13"
"D:\OpenClaw\workspace\40-arxiv\Archive\2026-03\2026-03-03\csSY\125207-Training with Hard Constraints Learning Neural Cer.md","1850","2026/3/6 14:12:13"
"D:\OpenClaw\workspace\40-arxiv\Archive\2026-03\2026-03-03\csSY\125207-Virtual Constraint for a Quadrotor UAV Enforcing a.md","1454","2026/3/6 14:12:13"
"D:\OpenClaw\workspace\40-arxiv\Archive\2026-03\deep\2602.23373-full.md","35706","2026/3/6 14:12:13"
"D:\OpenClaw\workspace\40-arxiv\Archive\2026-03\deep\2602.23668-full.md","46329","2026/3/6 14:12:13"
"D:\OpenClaw\workspace\40-arxiv\Archive\2026-03\deep\2602.23681-full.md","140371","2026/3/6 14:12:13"
"D:\OpenClaw\workspace\40-arxiv\Archive\2026-03\deep\2602.23701-full.md","65315","2026/3/6 14:12:13"
"D:\OpenClaw\workspace\40-arxiv\Archive\2026-03\deep\2602.23716-full.md","61916","2026/3/6 14:12:13"
"D:\OpenClaw\workspace\40-arxiv\Archive\2026-03\deep\2602.23720-full.md","64809","2026/3/6 14:12:13"
"D:\OpenClaw\workspace\40-arxiv\daily\2026\03\2026-03-02\csAI\2026-03-02-211717-An Agentic LLM Framework for Adverse Media Screeni.md","1400","2026/3/6 14:12:13"
"D:\OpenClaw\workspace\40-arxiv\daily\2026\03\2026-03-02\csAI\2026-03-02-211717-From Flat Logs to Causal Graphs Hierarchical Failu.md","1620","2026/3/6 14:12:13"
"D:\OpenClaw\workspace\40-arxiv\daily\2026\03\2026-03-02\csAI\2026-03-02-211717-HumanMCP A Human-Like Query Dataset for Evaluating.md","1477","2026/3/6 14:12:13"
"D:\OpenClaw\workspace\40-arxiv\daily\2026\03\2026-03-02\csAI\2026-03-02-211717-MMKG-RDS Reasoning Data Synthesis via Deep Mining .md","1530","2026/3/6 14:12:13"
"D:\OpenClaw\workspace\40-arxiv\daily\2026\03\2026-03-02\csAI\2026-03-02-211717-ODAR Principled Adaptive Routing for LLM Reasoning.md","2002","2026/3/6 14:12:13"
"D:\OpenClaw\workspace\40-arxiv\daily\2026\03\2026-03-02\csAI\2026-03-02-211717-Planning under Distribution Shifts with Causal POM.md","1471","2026/3/6 14:12:13"
"D:\OpenClaw\workspace\40-arxiv\daily\2026\03\2026-03-02\csAI\2026-03-02-211717-ProductResearch Training E-Commerce Deep Research .md","2006","2026/3/6 14:12:13"
"D:\OpenClaw\workspace\40-arxiv\daily\2026\03\2026-03-02\csAI\2026-03-02-211717-PseudoAct Leveraging Pseudocode Synthesis for Flex.md","1852","2026/3/6 14:12:13"
"D:\OpenClaw\workspace\40-arxiv\daily\2026\03\2026-03-02\csAI\2026-03-02-211717-Reasoning-Driven Multimodal LLM for Domain General.md","2212","2026/3/6 14:12:13"
"D:\OpenClaw\workspace\40-arxiv\daily\2026\03\2026-03-02\csAI\2026-03-02-211717-The Auton Agentic AI Framework.md","2181","2026/3/6 14:12:13"
"D:\OpenClaw\workspace\40-arxiv\daily\2026\03\2026-03-02\csAI\2026-03-02-211717-Unlocking Cognitive Capabilities and Analyzing the.md","1777","2026/3/6 14:12:13"
"D:\OpenClaw\workspace\40-arxiv\daily\2026\03\2026-03-02\csLG\2026-03-02-211717-AI Must Embrace Specialization via Superhuman Adap.md","1567","2026/3/6 14:12:13"
"D:\OpenClaw\workspace\40-arxiv\daily\2026\03\2026-03-02\csLG\2026-03-02-211717-Causal Identification from Counterfactual Data Com.md","1943","2026/3/6 14:12:13"
"D:\OpenClaw\workspace\40-arxiv\daily\2026\03\2026-03-02\csLG\2026-03-02-211717-Construct, Merge, Solve and Adapt with Reinforceme.md","1710","2026/3/6 14:12:13"
"D:\OpenClaw\workspace\40-arxiv\daily\2026\03\2026-03-02\csLG\2026-03-02-211717-SleepLM Natural-Language Intelligence for Human Sl.md","1794","2026/3/6 14:12:13"
"D:\OpenClaw\workspace\40-arxiv\daily\2026\03\2026-03-03\2026-03-03-index.md","151","2026/3/6 14:12:13"
"D:\OpenClaw\workspace\40-arxiv\daily\2026\03\2026-03-03\2026-03-03-summary.md","169","2026/3/6 14:12:13"
"D:\OpenClaw\workspace\40-arxiv\daily\2026\03\2026-03-03\logs\2026-03-03-status.md","40","2026/3/6 14:12:13"
"D:\OpenClaw\workspace\40-arxiv\daily\2026\03\2026-03-04\2026-03-04-summary.md","6283","2026/3/6 14:12:13"
"D:\OpenClaw\workspace\40-arxiv\daily\2026\03\2026-03-04\csAI\154449-Confusion-Aware Rubric Optimization for LLM-based .md","2192","2026/3/6 14:12:13"
"D:\OpenClaw\workspace\40-arxiv\daily\2026\03\2026-03-04\csAI\154449-Conservative Equilibrium Discovery in Offline Game.md","2074","2026/3/6 14:12:13"
"D:\OpenClaw\workspace\40-arxiv\daily\2026\03\2026-03-04\csAI\154449-DIG to Heal Scaling General-purpose Agent Collabor.md","2085","2026/3/6 14:12:13"
"D:\OpenClaw\workspace\40-arxiv\daily\2026\03\2026-03-04\csAI\154449-EmCoop A Framework and Benchmark for Embodied Coop.md","2067","2026/3/6 14:12:13"
"D:\OpenClaw\workspace\40-arxiv\daily\2026\03\2026-03-04\csAI\154449-How Well Do Multimodal Models Reason on ECG Signal.md","1944","2026/3/6 14:12:13"
"D:\OpenClaw\workspace\40-arxiv\daily\2026\03\2026-03-04\csAI\154449-MED-COPILOT A Medical Assistant Powered by GraphRA.md","1568","2026/3/6 14:12:13"
"D:\OpenClaw\workspace\40-arxiv\daily\2026\03\2026-03-04\csAI\154449-Monotropic Artificial Intelligence Toward a Cognit.md","2139","2026/3/6 14:12:13"
"D:\OpenClaw\workspace\40-arxiv\daily\2026\03\2026-03-04\csAI\154449-Multi-Sourced, Multi-Agent Evidence Retrieval for .md","1598","2026/3/6 14:12:13"
"D:\OpenClaw\workspace\40-arxiv\daily\2026\03\2026-03-04\csAI\154449-NeuroHex Highly-Efficient Hex Coordinate System fo.md","2037","2026/3/6 14:12:13"
"D:\OpenClaw\workspace\40-arxiv\daily\2026\03\2026-03-04\csAI\154449-TraderBench How Robust Are AI Agents in Adversaria.md","1931","2026/3/6 14:12:13"
"D:\OpenClaw\workspace\40-arxiv\daily\2026\03\2026-03-04\csCL\154449-A Zipf-preserving, long-range correlated surrogate.md","1262","2026/3/6 14:12:13"
"D:\OpenClaw\workspace\40-arxiv\daily\2026\03\2026-03-04\csCL\154449-Characterizing Memorization in Diffusion Language .md","1971","2026/3/6 14:12:13"
"D:\OpenClaw\workspace\40-arxiv\daily\2026\03\2026-03-04\csCL\154449-CoDAR Continuous Diffusion Language Models are Mor.md","1628","2026/3/6 14:12:13"
"D:\OpenClaw\workspace\40-arxiv\daily\2026\03\2026-03-04\csCL\154449-Detecting AI-Generated Essays in Writing Assessmen.md","1669","2026/3/6 14:12:13"
"D:\OpenClaw\workspace\40-arxiv\daily\2026\03\2026-03-04\csCL\154449-ExpGuard LLM Content Moderation in Specialized Dom.md","2311","2026/3/6 14:12:13"
"D:\OpenClaw\workspace\40-arxiv\daily\2026\03\2026-03-04\csCL\154449-GLoRIA Gated Low-Rank Interpretable Adaptation for.md","1665","2026/3/6 14:12:13"
"D:\OpenClaw\workspace\40-arxiv\daily\2026\03\2026-03-04\csCL\154449-GPUTOK GPU Accelerated Byte Level BPE Tokenization.md","1059","2026/3/6 14:12:13"
"D:\OpenClaw\workspace\40-arxiv\daily\2026\03\2026-03-04\csCL\154449-How Controllable Are Large Language Models A Unifi.md","1618","2026/3/6 14:12:13"
"D:\OpenClaw\workspace\40-arxiv\daily\2026\03\2026-03-04\csCL\154449-RO-N3WS Enhancing Generalization in Low-Resource A.md","1652","2026/3/6 14:12:13"
"D:\OpenClaw\workspace\40-arxiv\daily\2026\03\2026-03-04\csCL\154449-Universal Conceptual Structure in Neural Translati.md","2352","2026/3/6 14:12:13"
"D:\OpenClaw\workspace\40-arxiv\daily\2026\03\2026-03-04\csCV\154449-AutoFFS Adversarial Deformations for Facial Femini.md","1724","2026/3/6 14:12:13"
"D:\OpenClaw\workspace\40-arxiv\daily\2026\03\2026-03-04\csCV\154449-Beyond Caption-Based Queries for Video Moment Retr.md","1764","2026/3/6 14:12:13"
"D:\OpenClaw\workspace\40-arxiv\daily\2026\03\2026-03-04\csCV\154449-Beyond Prompt Degradation Prototype-guided Dual-po.md","2215","2026/3/6 14:12:13"
"D:\OpenClaw\workspace\40-arxiv\daily\2026\03\2026-03-04\csCV\154449-CamDirector Towards Long-Term Coherent Video Traje.md","1968","2026/3/6 14:12:13"
"D:\OpenClaw\workspace\40-arxiv\daily\2026\03\2026-03-04\csCV\154449-Cultural Counterfactuals Evaluating Cultural Biase.md","2117","2026/3/6 14:12:13"
"D:\OpenClaw\workspace\40-arxiv\daily\2026\03\2026-03-04\csCV\154449-From Visual to Multimodal Systematic Ablation of E.md","1869","2026/3/6 14:12:13"
"D:\OpenClaw\workspace\40-arxiv\daily\2026\03\2026-03-04\csCV\154449-HAMMER Harnessing MLLM via Cross-Modal Integration.md","1941","2026/3/6 14:12:13"
"D:\OpenClaw\workspace\40-arxiv\daily\2026\03\2026-03-04\csCV\154449-MERG3R A Divide-and-Conquer Approach to Large-Scal.md","1842","2026/3/6 14:12:13"
"D:\OpenClaw\workspace\40-arxiv\daily\2026\03\2026-03-04\csCV\154449-Retrieving Patient-Specific Radiomic Feature Sets .md","2644","2026/3/6 14:12:13"
"D:\OpenClaw\workspace\40-arxiv\daily\2026\03\2026-03-04\csCV\154449-Social-JEPA Emergent Geometric Isomorphism.md","1702","2026/3/6 14:12:13"
"D:\OpenClaw\workspace\40-arxiv\daily\2026\03\2026-03-04\csDC\154449-CUCo An Agentic Framework for Compute and Communic.md","1653","2026/3/6 23:34:49"
"D:\OpenClaw\workspace\40-arxiv\daily\2026\03\2026-03-04\csDC\154449-Dynamic Contract Analysis for Parallel Programming.md","1958","2026/3/6 14:12:13"
"D:\OpenClaw\workspace\40-arxiv\daily\2026\03\2026-03-04\csDC\154449-GoldbachGPU An Open Source GPU-Accelerated Framewo.md","1920","2026/3/6 14:12:13"
"D:\OpenClaw\workspace\40-arxiv\daily\2026\03\2026-03-04\csDC\154449-MuxTune Efficient Multi-Task LLM Fine-Tuning in Mu.md","2059","2026/3/6 14:12:13"
"D:\OpenClaw\workspace\40-arxiv\daily\2026\03\2026-03-04\csDC\154449-Scalable Mesh Coupling for Atmospheric Wave Simula.md","989","2026/3/6 14:12:13"
"D:\OpenClaw\workspace\40-arxiv\daily\2026\03\2026-03-04\csDC\154449-Serverless Abstractions for Short-Running, Lightwe.md","1639","2026/3/6 14:12:13"
"D:\OpenClaw\workspace\40-arxiv\daily\2026\03\2026-03-04\csDC\154449-Undecided State Dynamics with Many Opinions.md","1135","2026/3/6 14:12:13"
"D:\OpenClaw\workspace\40-arxiv\daily\2026\03\2026-03-04\csDC\154449-Why Atomicity Matters to AIML Infrastructure Snaps.md","1089","2026/3/6 14:12:13"
"D:\OpenClaw\workspace\40-arxiv\daily\2026\03\2026-03-04\csIR\154449-AlphaFree Recommendation Free from Users, IDs, and.md","1314","2026/3/6 14:12:13"
"D:\OpenClaw\workspace\40-arxiv\daily\2026\03\2026-03-04\csIR\154449-APAO Adaptive Prefix-Aware Optimization for Genera.md","2271","2026/3/6 14:12:13"
"D:\OpenClaw\workspace\40-arxiv\daily\2026\03\2026-03-04\csIR\154449-FlashEvaluator Expanding Search Space with Paralle.md","1948","2026/3/6 14:12:13"
"D:\OpenClaw\workspace\40-arxiv\daily\2026\03\2026-03-04\csIR\154449-Model Editing for New Document Integration in Gene.md","2599","2026/3/6 14:12:13"
"D:\OpenClaw\workspace\40-arxiv\daily\2026\03\2026-03-04\csIR\154449-OneRanker Unified Generation and Ranking with One .md","2333","2026/3/6 14:12:13"
"D:\OpenClaw\workspace\40-arxiv\daily\2026\03\2026-03-04\csIR\154449-Proactive Guiding Strategy for Item-side Fairness .md","1931","2026/3/6 14:12:13"
"D:\OpenClaw\workspace\40-arxiv\daily\2026\03\2026-03-04\csIR\154449-Relevance Matters A Multi-Task and Multi-Stage Lar.md","2183","2026/3/6 14:12:13"
"D:\OpenClaw\workspace\40-arxiv\daily\2026\03\2026-03-04\csIR\154449-Reproducing and Comparing Distillation Techniques .md","2183","2026/3/6 14:12:13"
"D:\OpenClaw\workspace\40-arxiv\daily\2026\03\2026-03-04\csIR\154449-S2CDR Smoothing-Sharpening Process Model for Cross.md","2415","2026/3/6 14:12:13"
"D:\OpenClaw\workspace\40-arxiv\daily\2026\03\2026-03-04\csIR\154449-SOLAR SVD-Optimized Lifelong Attention for Recomme.md","1994","2026/3/6 14:12:13"
"D:\OpenClaw\workspace\40-arxiv\daily\2026\03\2026-03-04\csLG\154449-A Covering Framework for Offline POMDPs Learning u.md","1754","2026/3/6 14:12:13"
"D:\OpenClaw\workspace\40-arxiv\daily\2026\03\2026-03-04\csLG\154449-ATPO Adaptive Tree Policy Optimization for Multi-T.md","2125","2026/3/6 14:12:13"
"D:\OpenClaw\workspace\40-arxiv\daily\2026\03\2026-03-04\csLG\154449-Characterizing and Predicting Wildfire Evacuation .md","1732","2026/3/6 14:12:13"
"D:\OpenClaw\workspace\40-arxiv\daily\2026\03\2026-03-04\csLG\154449-Combinatorial Sparse PCA Beyond the Spiked Identit.md","1318","2026/3/6 14:12:13"
"D:\OpenClaw\workspace\40-arxiv\daily\2026\03\2026-03-04\csLG\154449-Conformal Graph Prediction with Z-Gromov Wasserste.md","1557","2026/3/6 14:12:13"
"D:\OpenClaw\workspace\40-arxiv\daily\2026\03\2026-03-04\csLG\154449-Exact Functional ANOVA Decomposition for Categoric.md","1814","2026/3/6 14:12:13"
"D:\OpenClaw\workspace\40-arxiv\daily\2026\03\2026-03-04\csLG\154449-Fisher-Geometric Diffusion in Stochastic Gradient .md","2117","2026/3/6 14:12:13"
"D:\OpenClaw\workspace\40-arxiv\daily\2026\03\2026-03-04\csLG\154449-Forecasting as Rendering A 2D Gaussian Splatting F.md","2136","2026/3/6 14:12:13"
"D:\OpenClaw\workspace\40-arxiv\daily\2026\03\2026-03-04\csLG\154449-Generalized Bayes for Causal Inference.md","2371","2026/3/6 14:12:13"
"D:\OpenClaw\workspace\40-arxiv\daily\2026\03\2026-03-04\csLG\154449-Geometric structures and deviations on James' symm.md","2095","2026/3/6 14:12:13"
"D:\OpenClaw\workspace\40-arxiv\daily\2026\03\2026-03-04\csLG\154449-Is Retraining-Free Enough The Necessity of Router .md","1693","2026/3/6 14:12:13"
"D:\OpenClaw\workspace\40-arxiv\daily\2026\03\2026-03-04\csLG\154449-Low-Degree Method Fails to Predict Robust Subspace.md","1917","2026/3/6 14:12:13"
"D:\OpenClaw\workspace\40-arxiv\daily\2026\03\2026-03-04\csLG\154449-MedCalc-Bench Doesn't Measure What You Think A Ben.md","732","2026/3/6 14:12:13"
"D:\OpenClaw\workspace\40-arxiv\daily\2026\03\2026-03-04\csLG\154449-MedFeat Model-Aware and Explainability-Driven Feat.md","2048","2026/3/6 14:12:13"
"D:\OpenClaw\workspace\40-arxiv\daily\2026\03\2026-03-04\csLG\154449-NExT-Guard Training-Free Streaming Safeguard witho.md","1939","2026/3/6 14:12:13"
"D:\OpenClaw\workspace\40-arxiv\daily\2026\03\2026-03-04\csLG\154449-ParEVO Synthesizing Code for Irregular Data High-P.md","1280","2026/3/6 14:12:13"
"D:\OpenClaw\workspace\40-arxiv\daily\2026\03\2026-03-04\csLG\154449-RxnNanoTraining Compact LLMs for Chemical Reaction.md","2211","2026/3/6 14:12:13"
"D:\OpenClaw\workspace\40-arxiv\daily\2026\03\2026-03-04\csLG\154449-Scalable Uncertainty Quantification for Black-Box .md","1145","2026/3/6 14:12:13"
"D:\OpenClaw\workspace\40-arxiv\daily\2026\03\2026-03-04\csLG\154449-Self-Play Only Evolves When Self-Synthetic Pipelin.md","1904","2026/3/6 14:12:13"
"D:\OpenClaw\workspace\40-arxiv\daily\2026\03\2026-03-04\csLG\154449-Subspace Geometry Governs Catastrophic Forgetting .md","1951","2026/3/6 14:12:13"
"D:\OpenClaw\workspace\40-arxiv\daily\2026\03\2026-03-04\csLG\154449-The elbow statistic Multiscale clustering statisti.md","1817","2026/3/6 14:12:13"
"D:\OpenClaw\workspace\40-arxiv\daily\2026\03\2026-03-04\csRO\154449-A Novel Modular Cable-Driven Soft Robotic Arm with.md","1805","2026/3/6 14:12:13"
"D:\OpenClaw\workspace\40-arxiv\daily\2026\03\2026-03-04\csRO\154449-A Robust Simulation Framework for Verification and.md","2312","2026/3/6 14:12:13"
"D:\OpenClaw\workspace\40-arxiv\daily\2026\03\2026-03-04\csRO\154449-COLREGs Compliant Collision Avoidance and Groundin.md","2659","2026/3/6 14:12:13"
"D:\OpenClaw\workspace\40-arxiv\daily\2026\03\2026-03-04\csRO\154449-Give me scissors Collision-Free Dual-Arm Surgical .md","2024","2026/3/6 14:12:13"
"D:\OpenClaw\workspace\40-arxiv\daily\2026\03\2026-03-04\csRO\154449-Goal-Oriented Semantic Communication for ISAC-Enab.md","2418","2026/3/6 14:12:13"
"D:\OpenClaw\workspace\40-arxiv\daily\2026\03\2026-03-04\csRO\154449-Instant and Reversible Adhesive-free Bonding Betwe.md","2087","2026/3/6 14:12:13"
"D:\OpenClaw\workspace\40-arxiv\daily\2026\03\2026-03-04\csRO\154449-Learning Object-Centric Spatial Reasoning for Sequ.md","2353","2026/3/6 14:12:13"
"D:\OpenClaw\workspace\40-arxiv\daily\2026\03\2026-03-04\csRO\154449-Learning Therapist Policy from Therapist-Exoskelet.md","2447","2026/3/6 23:34:49"
"D:\OpenClaw\workspace\40-arxiv\daily\2026\03\2026-03-04\csRO\154449-PathSpace Rapid continuous map approximation for e.md","812","2026/3/6 14:12:13"
"D:\OpenClaw\workspace\40-arxiv\daily\2026\03\2026-03-04\csRO\154449-Safe Whole-Body Loco-Manipulation via Combined Mod.md","1968","2026/3/6 14:12:13"
"D:\OpenClaw\workspace\40-arxiv\daily\2026\03\2026-03-04\csRO\154449-Scalar-Measurement Attitude Estimation on $mathbf{.md","2020","2026/3/6 14:12:13"
"D:\OpenClaw\workspace\40-arxiv\daily\2026\03\2026-03-04\csSE\154449-A Practical Guide for Establishing a Technical Deb.md","2343","2026/3/6 14:12:13"
"D:\OpenClaw\workspace\40-arxiv\daily\2026\03\2026-03-04\csSE\154449-Fuzzing Microservices in Face of Intrinsic Uncerta.md","2203","2026/3/6 14:12:13"
"D:\OpenClaw\workspace\40-arxiv\daily\2026\03\2026-03-04\csSE\154449-His2Trans A Skeleton First Framework for Self Evol.md","2316","2026/3/6 14:12:13"
"D:\OpenClaw\workspace\40-arxiv\daily\2026\03\2026-03-04\csSE\154449-ICSE 2023 Sustainability Report.md","2139","2026/3/6 14:12:13"
"D:\OpenClaw\workspace\40-arxiv\daily\2026\03\2026-03-04\csSE\154449-It's Alive! What a Live Object Environment Changes.md","1830","2026/3/6 14:12:13"
"D:\OpenClaw\workspace\40-arxiv\daily\2026\03\2026-03-04\csSE\154449-Reducing Labeling Effort in Architecture Technical.md","2317","2026/3/6 14:12:13"
"D:\OpenClaw\workspace\40-arxiv\daily\2026\03\2026-03-04\csSE\154449-RippleGUItester Change-Aware Exploratory Testing.md","2302","2026/3/6 14:12:13"
"D:\OpenClaw\workspace\40-arxiv\daily\2026\03\2026-03-04\csSE\154449-RIVA Leveraging LLM Agents for Reliable Configurat.md","2339","2026/3/6 14:12:13"
"D:\OpenClaw\workspace\40-arxiv\daily\2026\03\2026-03-04\csSE\154449-SEALing the Gap A Reference Framework for LLM Infe.md","1778","2026/3/6 14:12:13"
"D:\OpenClaw\workspace\40-arxiv\daily\2026\03\2026-03-04\csSE\154449-Type-Aware Retrieval-Augmented Generation with Dep.md","2475","2026/3/6 14:12:13"
"D:\OpenClaw\workspace\40-arxiv\daily\2026\03\2026-03-04\csSY\154449-A Passivity-Agnostic Framework for Distributed Ada.md","1954","2026/3/6 14:12:13"
"D:\OpenClaw\workspace\40-arxiv\daily\2026\03\2026-03-04\csSY\154449-Contractor-Expander and Universal Inverse Optimal .md","2260","2026/3/6 14:12:13"
"D:\OpenClaw\workspace\40-arxiv\daily\2026\03\2026-03-04\csSY\154449-Event-Driven Safe and Resilient Control of Automat.md","2144","2026/3/6 14:12:13"
"D:\OpenClaw\workspace\40-arxiv\daily\2026\03\2026-03-04\csSY\154449-Exact Moment Estimation of Stochastic Differential.md","1589","2026/3/6 14:12:13"
"D:\OpenClaw\workspace\40-arxiv\daily\2026\03\2026-03-04\csSY\154449-Grid-Forming Control with Assignable Voltage Regul.md","2519","2026/3/6 14:12:13"
"D:\OpenClaw\workspace\40-arxiv\daily\2026\03\2026-03-04\csSY\154449-Ill-Conditioned Power Flow Analysis Using a Quanti.md","1239","2026/3/6 14:12:13"
"D:\OpenClaw\workspace\40-arxiv\daily\2026\03\2026-03-04\csSY\154449-Joint Estimation of Dynamic O-D Demand and Choice .md","2523","2026/3/6 14:12:13"
"D:\OpenClaw\workspace\40-arxiv\daily\2026\03\2026-03-04\csSY\154449-Optimum Battery Depth of Discharge of Stand-alone .md","1796","2026/3/6 14:12:13"
"D:\OpenClaw\workspace\40-arxiv\daily\2026\03\2026-03-04\csSY\154449-Robust Hybrid Finite-Time Parameter Estimation Wit.md","1523","2026/3/6 14:12:13"
"D:\OpenClaw\workspace\40-arxiv\daily\2026\03\2026-03-04\logs\2026-03-04-status.md","716","2026/3/6 14:12:13"
"D:\OpenClaw\workspace\40-arxiv\daily\migr\at\migr-at-io\csAI\migration-report-recovery.md","606","2026/3/6 14:12:13"
"D:\OpenClaw\workspace\41-medium\00-索引-Medium 笔记.md","742","2026/3/6 14:12:47"
"D:\OpenClaw\workspace\41-medium\2026-02-11_The Case Against Hiking.md","4101","2026/3/6 14:12:47"
"D:\OpenClaw\workspace\41-medium\2026-02-21_Why I Shut Down My Health AI Startup.md","2443","2026/3/6 14:12:47"
"D:\OpenClaw\workspace\41-medium\2026-02-23_AI Destroyed My Startup Idea.md","2214","2026/3/6 14:12:47"
"D:\OpenClaw\workspace\41-medium\20260302-172807-无标题.md","504","2026/3/6 14:12:47"
"D:\OpenClaw\workspace\41-medium\20260302-184453-the-false-positive-tax-the-hidden-cost-that-is-qui.md","502","2026/3/6 14:12:47"
"D:\OpenClaw\workspace\41-medium\20260302-191032-ais-fingerprints-on-our-creativity-1814b112871c.md","444","2026/3/6 14:12:47"
"D:\OpenClaw\workspace\41-medium\20260302-191032-i-built-3-python-scripts-that-automatically-audit-.md","486","2026/3/6 14:12:47"
"D:\OpenClaw\workspace\41-medium\20260302-191032-the-mason-and-the-unfinished-bridge-6ac797e23ffa.md","424","2026/3/6 14:12:47"
"D:\OpenClaw\workspace\41-medium\20260302-191545-ai-approval-in-financial-institutions-the-question.md","544","2026/3/6 14:12:47"
"D:\OpenClaw\workspace\41-medium\20260302-191545-how-i-cut-my-ai-token-usage-by-87-and-actually-spe.md","484","2026/3/6 14:12:47"
"D:\OpenClaw\workspace\41-medium\20260302-191545-i-found-the-best-ai-mock-interview-tool-for-softwa.md","502","2026/3/6 14:12:47"
"D:\OpenClaw\workspace\41-medium\20260302-192100-getting-lost-in-the-subtlety-of-the-landscape-fd48.md","440","2026/3/6 14:12:47"
"D:\OpenClaw\workspace\41-medium\20260302-192100-to-anyone-who-has-lost-themselves-9c5e3049cb13.md","410","2026/3/6 14:12:47"
"D:\OpenClaw\workspace\41-medium\20260302-192444-evolving-intelligence-systems-from-static-optimiza.md","500","2026/3/6 14:12:47"
"D:\OpenClaw\workspace\41-medium\20260302-192444-how-this-2026-ai-secret-saved-my-shopify-store-and.md","498","2026/3/6 14:12:47"
"D:\OpenClaw\workspace\41-medium\20260302-192444-how-to-select-and-build-your-own-private-llm-stack.md","444","2026/3/6 14:12:47"
"D:\OpenClaw\workspace\41-medium\20260302-192444-model-de%C4%9Fil-sistem-i%CC%87n%C5%9Fa-ediyoruz-f.md","590","2026/3/6 14:12:47"
"D:\OpenClaw\workspace\41-medium\20260302-192444-the-tiny-revolution-that-could-fix-climate-change-.md","486","2026/3/6 14:12:47"
"D:\OpenClaw\workspace\41-medium\20260302-192617-like-it-or-not-we-are-all-in-the-ai-business-today.md","488","2026/3/6 14:12:47"
"D:\OpenClaw\workspace\41-medium\20260302-192617-the-end-of-the-job-hunt-how-intelligent-discovery-.md","522","2026/3/6 14:12:47"
"D:\OpenClaw\workspace\41-medium\20260302-193936-building-an-ai-agent-from-scratch-with-pure-python.md","472","2026/3/6 14:12:47"
"D:\OpenClaw\workspace\41-medium\20260302-193936-reflections-on-the-india-ai-impact-summit-2026-156.md","434","2026/3/6 14:12:47"
"D:\OpenClaw\workspace\41-medium\20260302-193936-why-ai-managed-services-must-be-built-for-your-ind.md","528","2026/3/6 14:12:47"
"D:\OpenClaw\workspace\41-medium\20260302-194240-a-deadly-airstrike-on-iranian-soil-has-reportedly-.md","550","2026/3/6 14:12:47"
"D:\OpenClaw\workspace\41-medium\20260302-194240-anthropic-says-coding-jobs-are-at-risk-963c657c916.md","416","2026/3/6 14:12:47"
"D:\OpenClaw\workspace\41-medium\20260302-194240-every-ai-tool-helps-you-search-none-of-them-ask-do.md","502","2026/3/6 14:12:47"
"D:\OpenClaw\workspace\41-medium\20260302-195330-0-budget-52m-problem-a-letter-to-silicon-valley-fr.md","518","2026/3/6 14:12:47"
"D:\OpenClaw\workspace\41-medium\20260302-195330-a-smartphone-that-spots-a-stroke-before-the-er-7b3.md","442","2026/3/6 14:12:47"
"D:\OpenClaw\workspace\41-medium\20260302-195330-mastering-the-javascript-console-787399c33a20.md","414","2026/3/6 14:12:47"
"D:\OpenClaw\workspace\41-medium\20260302-195330-multi-hop-reasoning-and-neo4j-f0e44618dbe6.md","408","2026/3/6 14:12:47"
"D:\OpenClaw\workspace\41-medium\20260302-201037-from-chatbots-to-ai-agents-how-genspark-is-replaci.md","496","2026/3/6 14:12:47"
"D:\OpenClaw\workspace\41-medium\20260302-201037-investors-block-the-gpu-purchase-order-when-scalin.md","506","2026/3/6 14:12:47"
"D:\OpenClaw\workspace\41-medium\20260302-201037-its-time-to-stop-providing-customer-experience-and.md","518","2026/3/6 14:12:47"
"D:\OpenClaw\workspace\41-medium\20260302-201245-11-cursor-hacks-that-will-make-you-build-10x-faste.md","450","2026/3/6 14:12:47"
"D:\OpenClaw\workspace\41-medium\20260302-201245-holding-through-the-red-my-palantir-option-and-the.md","486","2026/3/6 14:12:47"
"D:\OpenClaw\workspace\41-medium\20260302-202820-ai-in-healthcare-and-behavioral-health-bee6b28b8cc.md","424","2026/3/6 14:12:47"
"D:\OpenClaw\workspace\41-medium\20260302-202820-ai-in-healthcare-is-saving-lives-with-smart-algori.md","466","2026/3/6 14:12:47"
"D:\OpenClaw\workspace\41-medium\20260302-202820-the-ontological-design-of-agentic-ai-and-the-shape.md","486","2026/3/6 14:12:47"
"D:\OpenClaw\workspace\41-medium\20260302-202820-when-the-listing-is-the-packaging-2b1c1e053aab.md","412","2026/3/6 14:12:47"
"D:\OpenClaw\workspace\41-medium\20260302-203453-c%C3%B3mo-usar-inteligencia-artificial-para-docume.md","536","2026/3/6 14:12:47"
"D:\OpenClaw\workspace\41-medium\20260302-203453-the-day-everything-changed-and-why-you-might-not-h.md","464","2026/3/6 14:12:47"
"D:\OpenClaw\workspace\41-medium\20260302-203453-why-ai-fails-more-often-than-you-think-and-how-pro.md","494","2026/3/6 14:12:47"
"D:\OpenClaw\workspace\41-medium\20260302-203453-why-we-are-still-using-90s-technology-for-2026-job.md","454","2026/3/6 14:12:47"
"D:\OpenClaw\workspace\41-medium\20260302-204000-7-suno-ai-prompts-that-sound-like-a-10-000-studio-.md","450","2026/3/6 14:12:47"
"D:\OpenClaw\workspace\41-medium\20260302-204000-amazons-ai-search-is-changing-how-products-rank-an.md","492","2026/3/6 14:12:47"
"D:\OpenClaw\workspace\41-medium\20260302-204000-elevate-your-hiring-chances-using-the-best-intervi.md","536","2026/3/6 14:12:47"
"D:\OpenClaw\workspace\41-medium\20260302-204000-the-world-changing-ai-feature-of-the-week-b7355c5b.md","434","2026/3/6 14:12:47"
"D:\OpenClaw\workspace\41-medium\20260302-205450-chatgpt-vs-claude-vs-gemini-the-only-enterprise-ai.md","510","2026/3/6 14:12:47"
"D:\OpenClaw\workspace\41-medium\20260302-205450-product-management-in-the-age-of-ai-eda0dcc88489.md","416","2026/3/6 14:12:47"
"D:\OpenClaw\workspace\41-medium\20260302-205450-the-reality-of-the-cap-why-im-moving-from-cursor-t.md","488","2026/3/6 14:12:47"
"D:\OpenClaw\workspace\41-medium\20260302-205450-ux-design-2026-from-asking-to-choosing-in-the-age-.md","470","2026/3/6 14:12:47"
"D:\OpenClaw\workspace\41-medium\20260302-205450-what-is-an-ai-learning-app-a-complete-parents-guid.md","454","2026/3/6 14:12:47"
"D:\OpenClaw\workspace\41-medium\20260302-205801-why-ai-wont-replace-you-in-2026-but-someone-using-.md","462","2026/3/6 14:12:47"
"D:\OpenClaw\workspace\41-medium\20260302-210109-68a3f5a653ea.md","1890","2026/3/6 14:12:47"
"D:\OpenClaw\workspace\41-medium\20260302-210109-c4a1617b9207.md","2845","2026/3/6 14:12:47"
"D:\OpenClaw\workspace\41-medium\20260302-210400-3a672b373811.md","2706","2026/3/6 14:12:47"
"D:\OpenClaw\workspace\41-medium\20260302-212937-10-ai-tools-that-feel-illegal-to-know-in-2026-61e6.md","442","2026/3/6 14:12:47"
"D:\OpenClaw\workspace\41-medium\20260302-212937-ai-all-modules-program-for-industry-success-with-v.md","474","2026/3/6 14:12:47"
"D:\OpenClaw\workspace\41-medium\20260302-212937-chatgpt-retiring-gpt-5-1-what-you-need-to-know-ec7.md","440","2026/3/6 14:12:47"
"D:\OpenClaw\workspace\41-medium\20260302-212937-hire-ai-engineers-drive-business-growth-with-smart.md","486","2026/3/6 14:12:47"
"D:\OpenClaw\workspace\41-medium\20260302-212937-how-ai-assistants-are-revolutionizing-workplace-pr.md","474","2026/3/6 14:12:47"
"D:\OpenClaw\workspace\41-medium\20260302-212937-llm-agile-stefan-wolpers-2ada223dcdb9.md","442","2026/3/6 14:12:47"
"D:\OpenClaw\workspace\41-medium\20260302-214225-academia-is-writing-roadmaps-7a0bf1ed74d5.md","408","2026/3/6 14:12:47"
"D:\OpenClaw\workspace\41-medium\20260302-214225-ai-mock-interview-solutions-elevating-interview-pr.md","476","2026/3/6 14:12:47"
"D:\OpenClaw\workspace\41-medium\20260302-214225-beyond-the-prompt-4-essential-skills-to-future-pro.md","508","2026/3/6 14:12:47"
"D:\OpenClaw\workspace\41-medium\20260302-214225-part-ii-ai-ides-are-the-new-operating-systems-5de4.md","444","2026/3/6 14:12:47"
"D:\OpenClaw\workspace\41-medium\20260302-214225-prompt-engineering-is-dead-and-other-things-people.md","470","2026/3/6 14:12:47"
"D:\OpenClaw\workspace\41-medium\20260302-214225-the-nature-of-intelligence-why-world-models-cannot.md","492","2026/3/6 14:12:47"
"D:\OpenClaw\workspace\41-medium\20260302-214225-were-building-an-open-source-claude-code-alternati.md","538","2026/3/6 14:12:47"
"D:\OpenClaw\workspace\41-medium\20260302-215027-is-it-too-difficult-to-clamp-special-shaped-parts-.md","438","2026/3/6 14:12:47"
"D:\OpenClaw\workspace\41-medium\20260302-215027-your-ai-vendor-is-a-political-position-now-3d8ef2c.md","428","2026/3/6 14:12:47"
"D:\OpenClaw\workspace\41-medium\20260302-221052-10-ways-ai-can-10x-your-writing-side-hustle-withou.md","500","2026/3/6 14:12:47"
"D:\OpenClaw\workspace\41-medium\20260302-221052-a2as-how-to-protect-your-ai-agents-11d1d6be8d9d.md","416","2026/3/6 14:12:47"
"D:\OpenClaw\workspace\41-medium\20260302-221052-education-is-not-ready-for-the-ai-onslaught-52a11e.md","436","2026/3/6 14:12:47"
"D:\OpenClaw\workspace\41-medium\20260302-221052-python-sets-the-smart-way-to-remove-duplicates-and.md","470","2026/3/6 14:12:47"
"D:\OpenClaw\workspace\41-medium\20260302-221052-the-future-of-smart-cities-how-technology-is-quiet.md","514","2026/3/6 14:12:47"
"D:\OpenClaw\workspace\41-medium\20260302-221052-why-most-organizations-dont-have-a-strategy-proble.md","524","2026/3/6 14:12:47"
"D:\OpenClaw\workspace\41-medium\20260302-221859-the-tendencies-and-remedies-of-misaligned-discussi.md","542","2026/3/6 14:12:47"
"D:\OpenClaw\workspace\41-medium\20260302-224155-8-ai-projects-that-made-me-realize-most-people-are.md","482","2026/3/6 14:12:47"
"D:\OpenClaw\workspace\41-medium\20260302-224155-building-with-ai-agent-bots-in-ruby-on-rails-8bfe4.md","436","2026/3/6 14:12:47"
"D:\OpenClaw\workspace\41-medium\20260302-224155-how-to-create-viral-ai-driven-video-content-in-202.md","510","2026/3/6 14:12:47"
"D:\OpenClaw\workspace\41-medium\20260302-224155-i-asked-an-ai-to-write-my-bio-it-knew-me-too-well-.md","438","2026/3/6 14:12:47"
"D:\OpenClaw\workspace\41-medium\20260302-224155-scaling-outbound-sales-without-increasing-ad-spend.md","450","2026/3/6 14:12:47"
"D:\OpenClaw\workspace\41-medium\20260302-224155-the-kingdom-keys-persistent-memory-architecture-fo.md","472","2026/3/6 14:12:47"
"D:\OpenClaw\workspace\41-medium\20260302-224155-youre-not-rewiring-your-brain-but-you-are-changing.md","450","2026/3/6 14:12:47"
"D:\OpenClaw\workspace\41-medium\20260302-225015-after-100-i-stopped-chasing-new-ideas-ee6458e685fa.md","424","2026/3/6 14:12:47"
"D:\OpenClaw\workspace\41-medium\20260302-225238-.md","592","2026/3/6 14:12:47"
"D:\OpenClaw\workspace\41-medium\20260302-225518-nist-moves-restrict-foreign-scientists-its-labs.md","476","2026/3/6 14:12:47"
"D:\OpenClaw\workspace\41-medium\20260302-225518-openclaw-surpasses-react-most-starred-software.md","478","2026/3/6 14:12:47"
"D:\OpenClaw\workspace\41-medium\20260302-225533-ai-vs-ai-5-most-unexpected-things-they-say-about-h.md","446","2026/3/6 14:12:47"
"D:\OpenClaw\workspace\41-medium\20260302-225533-from-principle-to-canonical-specification-69baef13.md","420","2026/3/6 14:12:47"
"D:\OpenClaw\workspace\41-medium\20260302-225533-how-ai-is-changing-everyday-life-1b446e217bec.md","420","2026/3/6 14:12:47"
"D:\OpenClaw\workspace\41-medium\20260302-225533-my-teammate-got-promoted-for-work-i-did-and-my-man.md","510","2026/3/6 14:12:47"
"D:\OpenClaw\workspace\41-medium\20260302-225533-stop-prompting-start-delegating-why-2026-is-the-ye.md","480","2026/3/6 14:12:47"
"D:\OpenClaw\workspace\41-medium\20260302-225533-the-architecture-of-agency-reconciling-quantum-ind.md","518","2026/3/6 14:12:47"
"D:\OpenClaw\workspace\41-medium\20260302-225533-top-5-ai-trends-for-2026-where-intelligence-will-r.md","506","2026/3/6 14:12:47"
"D:\OpenClaw\workspace\41-medium\20260302-225533-when-ai-enters-the-war-room-the-u-s-military-and-c.md","458","2026/3/6 14:12:47"
"D:\OpenClaw\workspace\41-medium\20260302-230525-ai-building-ai-what-it-is-how-it-works-breakthroug.md","494","2026/3/6 14:12:47"
"D:\OpenClaw\workspace\41-medium\20260302-231036-an-agent-without-memory-is-like-a-person-with-amne.md","464","2026/3/6 14:12:47"
"D:\OpenClaw\workspace\41-medium\20260302-231036-five-takeaways-from-the-first-of-its-kind-internat.md","540","2026/3/6 14:12:47"
"D:\OpenClaw\workspace\41-medium\20260302-231036-how-smart-teachers-are-quietly-building-passive-in.md","532","2026/3/6 14:12:47"
"D:\OpenClaw\workspace\41-medium\20260302-231036-is-classic-traditional-machine-learning-dead-e92ae.md","456","2026/3/6 14:12:47"
"D:\OpenClaw\workspace\41-medium\20260302-231036-la-singularit%C3%A9-nest-pas-le-vrai-sujet-le-v%C3.md","538","2026/3/6 14:12:47"
"D:\OpenClaw\workspace\41-medium\20260302-231036-part-13-turning-intelligence-into-income-7ad2f285d.md","424","2026/3/6 14:12:47"
"D:\OpenClaw\workspace\41-medium\20260302-231036-the-singularity-is-not-the-real-issue-the-true-str.md","482","2026/3/6 14:12:47"
"D:\OpenClaw\workspace\41-medium\20260302-232454-%C3%B6r%C3%BCnt%C3%BC-tan%C4%B1ma-ve-%C3%B6zellik-.md","602","2026/3/6 14:12:47"
"D:\OpenClaw\workspace\41-medium\20260302-232454-ai-can-now-teach-coding-like-a-full-stack-mentor-f.md","458","2026/3/6 14:12:47"
"D:\OpenClaw\workspace\41-medium\20260302-232454-five-artificial-intelligence-models-agree-with-the.md","540","2026/3/6 14:12:47"
"D:\OpenClaw\workspace\41-medium\20260302-232454-openclaw-complete-guide-setup-tutorial-2026-14dd1a.md","438","2026/3/6 14:12:47"
"D:\OpenClaw\workspace\41-medium\20260302-232454-the-dying-spark-in-the-field-gpt-5-2-and-the-shrin.md","474","2026/3/6 14:12:47"
"D:\OpenClaw\workspace\41-medium\20260302-232454-the-quiet-skill-thats-making-certain-people-10x-mo.md","484","2026/3/6 14:12:47"
"D:\OpenClaw\workspace\41-medium\20260302-232454-why-apy-is-the-most-misunderstood-metric-in-defi-f.md","454","2026/3/6 14:12:47"
"D:\OpenClaw\workspace\41-medium\20260302-235506-ai-agents-are-getting-smarter-their-memory-is-stil.md","476","2026/3/6 14:12:47"
"D:\OpenClaw\workspace\41-medium\20260302-235506-ai-tools-in-digital-marketing-d7ae8abf40ac.md","406","2026/3/6 14:12:47"
"D:\OpenClaw\workspace\41-medium\20260302-235506-indias-semiconductor-era-is-live-what-micron-s-san.md","590","2026/3/6 14:12:47"
"D:\OpenClaw\workspace\41-medium\20260302-235506-linear-algebra-for-machine-learning-56a2879feab3.md","414","2026/3/6 14:12:47"
"D:\OpenClaw\workspace\41-medium\20260302-235506-openclaw-claudebot-and-the-illusion-of-control-553.md","434","2026/3/6 14:12:47"
"D:\OpenClaw\workspace\41-medium\20260303-000947-i-tried-30-udemy-courses-to-learn-ai-coding-tools-.md","532","2026/3/6 14:12:47"
"D:\OpenClaw\workspace\41-medium\20260303-000947-new-cursor-agent-computer-control-ba29aca14a5e.md","414","2026/3/6 14:12:47"
"D:\OpenClaw\workspace\41-medium\20260303-000947-the-end-of-vibe-coding-why-your-next-ai-agent-need.md","516","2026/3/6 14:12:47"
"D:\OpenClaw\workspace\41-medium\20260303-000947-we-need-to-talk-about-physics-and-ai-ac2d3a72c6fe.md","420","2026/3/6 14:12:47"
"D:\OpenClaw\workspace\41-medium\20260303-000947-why-agentic-ai-workflows-are-hard-43f88b3a2000.md","418","2026/3/6 14:12:47"
"D:\OpenClaw\workspace\41-medium\20260303-001907-quantum-computing-the-next-hype-wave-after-ai-1bc9.md","446","2026/3/6 14:12:47"
"D:\OpenClaw\workspace\41-medium\20260303-002417-ais-biggest-gift-isn-t-smarter-tech-it-s-a-mirror-.md","484","2026/3/6 14:12:47"
"D:\OpenClaw\workspace\41-medium\20260303-002417-exoconscious-ai-guardrails-7e3193c83d27.md","400","2026/3/6 14:12:47"
"D:\OpenClaw\workspace\41-medium\20260303-002417-is-coding-becoming-unrecognisable-8b691572b565.md","420","2026/3/6 14:12:47"
"D:\OpenClaw\workspace\41-medium\20260303-002417-the-em-dash-would-like-a-word-6591aae904f0.md","406","2026/3/6 14:12:47"
"D:\OpenClaw\workspace\41-medium\20260303-002417-token-anxiety-how-real-time-ai-pricing-is-killing-.md","474","2026/3/6 14:12:47"
"D:\OpenClaw\workspace\41-medium\20260303-002417-will-ai-replace-teachers-why-the-question-is-wrong.md","446","2026/3/6 14:12:47"
"D:\OpenClaw\workspace\41-medium\20260303-004107-ethical-ai-for-long-term-partner-compatibility-c8f.md","476","2026/3/6 14:12:47"
"D:\OpenClaw\workspace\41-medium\20260303-004107-how-to-choose-the-right-management-consultant-b44b.md","438","2026/3/6 14:12:47"
"D:\OpenClaw\workspace\41-medium\20260303-004107-personal-medicine-privacy-vs-progress-c3efec6492da.md","428","2026/3/6 14:12:47"
"D:\OpenClaw\workspace\41-medium\20260303-004107-run-hum-when-code-hums-back-fa0b379c3b9a.md","402","2026/3/6 14:12:47"
"D:\OpenClaw\workspace\41-medium\20260303-004107-sri-lanka-enters-the-world-of-digital-nomad-visas-.md","476","2026/3/6 14:12:47"
"D:\OpenClaw\workspace\41-medium\20260303-004107-why-smart-businesses-are-quietly-investing-in-ai-a.md","468","2026/3/6 14:12:47"
"D:\OpenClaw\workspace\41-medium\20260303-005008-dont-build-an-llm-without-this-5ab1704fcc95.md","404","2026/3/6 14:12:47"
"D:\OpenClaw\workspace\41-medium\20260303-005516-ai-agents-athenagpt-golden-ratiogpt-scaling-prompt.md","506","2026/3/6 14:12:47"
"D:\OpenClaw\workspace\41-medium\20260303-005516-engineering-kpis-every-api-developer-should-track-.md","474","2026/3/6 14:12:47"
"D:\OpenClaw\workspace\41-medium\20260303-005516-open-ai-signed-a-deal-with-the-pentagon-anthropic-.md","466","2026/3/6 14:12:47"
"D:\OpenClaw\workspace\41-medium\20260303-005516-the-day-my-diagnosis-came-from-something-that-wasn.md","466","2026/3/6 14:12:47"
"D:\OpenClaw\workspace\41-medium\20260303-005516-transforming-urban-sustainability-through-entrepre.md","538","2026/3/6 14:12:47"
"D:\OpenClaw\workspace\41-medium\20260303-010340-the-debate-of-the-future-f5276814e726.md","402","2026/3/6 14:12:47"
"D:\OpenClaw\workspace\41-medium\20260303-010340-the-open-house-follow-up-most-agents-never-send-an.md","510","2026/3/6 14:12:47"
"D:\OpenClaw\workspace\41-medium\20260303-010851-%D8%A7%D9%84%D8%A8%D9%88%D8%B5%D9%84%D8%A9-%D8%A7%.md","1276","2026/3/6 14:12:47"
"D:\OpenClaw\workspace\41-medium\20260303-010851-ai-security-reports-february-2026-473ca57607ee.md","418","2026/3/6 14:12:47"
"D:\OpenClaw\workspace\41-medium\20260303-010851-ai-vs-human-therapist-which-one-should-you-choose-.md","490","2026/3/6 14:12:47"
"D:\OpenClaw\workspace\41-medium\20260303-010851-ais-your-ally-in-social-media-content-creation-not.md","480","2026/3/6 14:12:47"
"D:\OpenClaw\workspace\41-medium\20260303-010851-from-visualization-to-influencing-decisions-the-mi.md","508","2026/3/6 14:12:47"
"D:\OpenClaw\workspace\41-medium\20260303-010851-how-we-built-a-claude-skill-that-self-audits-our-k.md","534","2026/3/6 14:12:47"
"D:\OpenClaw\workspace\41-medium\20260303-011827-sotu-2026-empires-part-1-b0eea4d0eb3d.md","400","2026/3/6 14:12:47"
"D:\OpenClaw\workspace\41-medium\20260303-021753-ai-mood-tracker-2026-how-to-understand-your-emotio.md","512","2026/3/6 14:12:47"
"D:\OpenClaw\workspace\41-medium\20260303-021753-from-zero-deployment-knowledge-to-a-live-portfolio.md","614","2026/3/6 23:34:49"
"D:\OpenClaw\workspace\41-medium\20260303-021753-stop-ripping-and-replacing-the-case-for-ai-overlay.md","528","2026/3/6 14:12:47"
"D:\OpenClaw\workspace\41-medium\20260303-021753-the-real-power-of-ai-isnt-productivity-it-s-compou.md","474","2026/3/6 14:12:47"
"D:\OpenClaw\workspace\41-medium\20260303-024339-5-best-free-ai-tools-for-beginners-that-can-save-y.md","492","2026/3/6 14:12:47"
"D:\OpenClaw\workspace\41-medium\20260303-024339-aov-solar-cameras-how-always-on-video-eliminates-s.md","482","2026/3/6 14:12:47"
"D:\OpenClaw\workspace\41-medium\20260303-024339-asking-4-ai-models-to-compare-which-one-is-the-bes.md","492","2026/3/6 14:12:47"
"D:\OpenClaw\workspace\41-medium\20260303-024339-let-ai-take-the-tedious-out-of-project-management-.md","444","2026/3/6 14:12:47"
"D:\OpenClaw\workspace\41-medium\20260303-024339-the-missing-structure-behind-the-ai-agent-economy-.md","450","2026/3/6 14:12:47"
"D:\OpenClaw\workspace\41-medium\20260303-024339-the-network-learns-when-training-ai-becomes-a-glob.md","486","2026/3/6 14:12:47"
"D:\OpenClaw\workspace\41-medium\20260303-024339-what-to-feed-your-llm-when-more-input-helps-and-wh.md","482","2026/3/6 14:12:47"
"D:\OpenClaw\workspace\41-medium\20260303-025845-ai-concludes-life-cannot-arise-from-non-life-abiog.md","488","2026/3/6 14:12:47"
"D:\OpenClaw\workspace\41-medium\20260303-025845-iaseai26-part-2-an-international-agreement-to-prev.md","540","2026/3/6 14:12:47"
"D:\OpenClaw\workspace\41-medium\20260303-025845-one-open-source-repo-turned-claude-code-into-an-n8.md","544","2026/3/6 14:12:47"
"D:\OpenClaw\workspace\41-medium\20260303-025845-surviving-the-ai-revolution-2286b4e57520.md","410","2026/3/6 14:12:47"
"D:\OpenClaw\workspace\41-medium\20260303-025845-the-iran-conflict-and-the-death-of-the-9-5-why-glo.md","544","2026/3/6 14:12:47"
"D:\OpenClaw\workspace\41-medium\20260303-025845-why-anthropic-walked-away-and-openai-cashed-in-175.md","448","2026/3/6 14:12:47"
"D:\OpenClaw\workspace\41-medium\20260303-025845-youre-not-lazy-you-re-overstimulated-76ea0572d310.md","410","2026/3/6 14:12:47"
"D:\OpenClaw\workspace\41-medium\20260303-030843-the-end-of-the-paper-trail-how-ai-lidar-and-blockc.md","524","2026/3/6 14:12:47"
"D:\OpenClaw\workspace\41-medium\20260303-030843-yapay-zeka-i%CC%87%C5%9Fsiz-b%C4%B1rakmaz-saf-d%C4.md","512","2026/3/6 14:12:47"
"D:\OpenClaw\workspace\41-medium\20260303-032930-ai-is-your-minds-zero-gravity-how-to-scale-your-le.md","546","2026/3/6 14:12:47"
"D:\OpenClaw\workspace\41-medium\20260303-032930-ai-isnt-taking-jobs-it-s-buying-us-freedom-1110e58.md","432","2026/3/6 14:12:47"
"D:\OpenClaw\workspace\41-medium\20260303-032930-eindhoven-ai-tinkerers-openclaw-unhackathon-9dc455.md","428","2026/3/6 14:12:47"
"D:\OpenClaw\workspace\41-medium\20260303-032930-from-good-morning-america-to-generative-ai-rewriti.md","508","2026/3/6 14:12:47"
"D:\OpenClaw\workspace\41-medium\20260303-032930-measuring-ai-with-1970s-productivity-metrics-is-th.md","486","2026/3/6 14:12:47"
"D:\OpenClaw\workspace\41-medium\20260303-032930-where-bi-ends-and-governed-ai-assisted-analytics-b.md","510","2026/3/6 14:12:47"
"D:\OpenClaw\workspace\41-medium\20260303-034225-ai-seo-services-for-the-future-of-intelligent-sear.md","446","2026/3/6 14:12:47"
"D:\OpenClaw\workspace\41-medium\20260303-034225-build-a-production-style-rag-app-on-google-cloud-v.md","510","2026/3/6 14:12:47"
"D:\OpenClaw\workspace\41-medium\20260303-034225-eys-100-000-agent-ambition-kpmg-s-trust-first-pwc-.md","586","2026/3/6 14:12:47"
"D:\OpenClaw\workspace\41-medium\20260303-034225-how-im-making-money-online-by-helping-build-ai-and.md","524","2026/3/6 14:12:47"
"D:\OpenClaw\workspace\41-medium\20260303-034225-reasons-individuals-are-increasingly-seeking-ai-fo.md","550","2026/3/6 14:12:47"
"D:\OpenClaw\workspace\41-medium\20260303-034225-what-is-rag-i-had-no-idea-either-until-i-actually-.md","472","2026/3/6 14:12:47"
"D:\OpenClaw\workspace\41-medium\20260303-035525-ai-coding-assistants-arent-here-to-help-you-they-r.md","492","2026/3/6 14:12:47"
"D:\OpenClaw\workspace\41-medium\20260303-035525-making-scheduling-invisible-a-new-approach-to-coor.md","456","2026/3/6 14:12:47"
"D:\OpenClaw\workspace\41-medium\20260303-035525-remote-control-is-the-last-piece-anthropics-agent-.md","478","2026/3/6 14:12:47"
"D:\OpenClaw\workspace\41-medium\20260303-035525-the-afcfta-arbitrage-map-93a0f7bd2131.md","404","2026/3/6 14:12:47"
"D:\OpenClaw\workspace\41-medium\20260303-035525-the-next-layer-what-a-global-ai-agent-network-make.md","470","2026/3/6 14:12:47"
"D:\OpenClaw\workspace\41-medium\20260303-041930-3-hours-of-digital-silence-the-day-claude-ai-took-.md","516","2026/3/6 14:12:47"
"D:\OpenClaw\workspace\41-medium\20260303-041930-ai-governance-is-becoming-a-competitive-advantage-.md","450","2026/3/6 14:12:47"
"D:\OpenClaw\workspace\41-medium\20260303-041930-the-trillion-dollar-trust-me-bro-what-sam-altman-i.md","500","2026/3/6 14:12:47"
"D:\OpenClaw\workspace\41-medium\20260303-041930-these-vcs-are-investing-in-software-as-a-service-s.md","462","2026/3/6 14:12:47"
"D:\OpenClaw\workspace\41-medium\20260303-041930-xrph-ai-a-scalable-ai-healthcare-platform-expandin.md","480","2026/3/6 14:12:47"
"D:\OpenClaw\workspace\41-medium\20260303-042736-agentic-ai-and-the-rise-of-the-engineer-strategist.md","454","2026/3/6 14:12:47"
"D:\OpenClaw\workspace\41-medium\20260303-042736-i-spent-6-hours-trying-to-make-good-music-on-suno-.md","528","2026/3/6 14:12:47"
"D:\OpenClaw\workspace\41-medium\20260303-042736-top-10-chatgpt-secrets-to-unlock-its-full-potentia.md","456","2026/3/6 14:12:47"
"D:\OpenClaw\workspace\41-medium\20260303-044808-ai-updates-for-the-week-of-3-1-26-f3ca40426c2a.md","410","2026/3/6 14:12:47"
"D:\OpenClaw\workspace\41-medium\20260303-044808-building-a-minimal-ai-agent-using-qwen-3-5-and-tra.md","458","2026/3/6 14:12:47"
"D:\OpenClaw\workspace\41-medium\20260303-044808-emotional-support-is-changing-we-do-not-yet-have-t.md","512","2026/3/6 14:12:47"
"D:\OpenClaw\workspace\41-medium\20260303-044808-four-ai-giants-just-reviewed-our-architecture-here.md","480","2026/3/6 14:12:47"
"D:\OpenClaw\workspace\41-medium\20260303-044808-how-hackers-actually-steal-your-passwords-and-what.md","500","2026/3/6 14:12:47"
"D:\OpenClaw\workspace\41-medium\20260303-044808-openai-enters-hardware-ai-powered-smart-speaker-la.md","550","2026/3/6 14:12:47"
"D:\OpenClaw\workspace\41-medium\20260303-044808-they-dulled-our-senses-now-they-want-to-fix-us-9e5.md","434","2026/3/6 14:12:47"
"D:\OpenClaw\workspace\41-medium\AI-Research-INDEX.md","1931","2026/3/6 14:12:47"
"D:\OpenClaw\workspace\41-medium\auto-fix-report.md","531","2026/3/6 14:12:48"
"D:\OpenClaw\workspace\41-medium\COLLECTION-SUMMARY-2026-03-04.md","3421","2026/3/6 14:12:48"
"D:\OpenClaw\workspace\41-medium\How AI Changed the Way I Engineer Software.md","730","2026/3/6 14:12:48"
"D:\OpenClaw\workspace\41-medium\I Just Watch AI Write Code All Day.md","710","2026/3/6 14:12:48"
"D:\OpenClaw\workspace\41-medium\M-20260303-Efficiency Optimization in AI Systems - Cross-Paper Analysis.md","7003","2026/3/6 14:12:48"
"D:\OpenClaw\workspace\41-medium\medium-2026-03-06-A-Strange-First-Meet.md","1100","2026/3/6 23:25:12"
"D:\OpenClaw\workspace\41-medium\medium-2026-03-06-AI-Cant-Replace-You-If-You-Have-These-4-Skills.md","1513","2026/3/6 23:25:12"
"D:\OpenClaw\workspace\41-medium\medium-2026-03-06-Detecting-Major-Incidents-in-Snowflake-with-Embedd.md","1644","2026/3/6 23:25:12"
"D:\OpenClaw\workspace\41-medium\medium-2026-03-06-El-Arma-Secreta-que-transformar-la-gerencia-de-pr.md","1642","2026/3/6 23:25:12"
"D:\OpenClaw\workspace\41-medium\medium-2026-03-06-Ferrari-2025-Expected-vs-Actual-Points-Part-2.md","1360","2026/3/6 23:25:12"
"D:\OpenClaw\workspace\41-medium\medium-2026-03-06-How-to-Install-OpenClaw-in-2026-5-Different-Ways-.md","1734","2026/3/6 23:25:12"
"D:\OpenClaw\workspace\41-medium\medium-2026-03-06-Intent-Engineering-The-Missing-Layer-in-AI-System.md","1336","2026/3/6 23:25:12"
"D:\OpenClaw\workspace\41-medium\medium-2026-03-06-Shadow-AI-e-o-que-o-gateway-no-v.md","1296","2026/3/6 23:25:12"
"D:\OpenClaw\workspace\41-medium\medium-2026-03-06-Stop-Wasting-Memory-The-AI-Engineers-Guide-to-Py.md","1635","2026/3/6 23:25:12"
"D:\OpenClaw\workspace\41-medium\medium-2026-03-06-System-Design-Build-a-Scalable-Chatbot-Over-Your-.md","1451","2026/3/6 23:25:12"
"D:\OpenClaw\workspace\41-medium\medium-2026-03-06-The-Model-Knows-Where-It-Is.md","956","2026/3/6 23:25:12"
"D:\OpenClaw\workspace\41-medium\medium-2026-03-06-Ukraine-Just-Made-History-as-Robots-Took-the-Most-.md","1645","2026/3/6 23:25:12"
"D:\OpenClaw\workspace\41-medium\medium-2026-03-06-We-Put-Our-Stories-In-The-Training-Data-One-LLM-A.md","1636","2026/3/6 23:25:12"
"D:\OpenClaw\workspace\41-medium\medium-summary-2026-03-06.md","2057","2026/3/6 23:25:12"
"D:\OpenClaw\workspace\41-medium\Medium-Watcher-Status.md","997","2026/3/6 14:12:48"
"D:\OpenClaw\workspace\41-medium\P-2026-03-03-From-Flat-Logs-to-Causal-Graphs-Hierarchical-Failu.md","13730","2026/3/6 14:12:48"
"D:\OpenClaw\workspace\41-medium\P-2026-03-03-ODAR-Principled-Adaptive-Routing-for-LLM-Reasoning.md","19961","2026/3/6 14:12:48"
"D:\OpenClaw\workspace\41-medium\P-2026-03-03-ProductResearch-Training-E-Commerce-Deep-Research-.md","20905","2026/3/6 14:12:48"
"D:\OpenClaw\workspace\41-medium\P-2026-03-03-PseudoAct-Leveraging-Pseudocode-Synthesis-for-Flex.md","19578","2026/3/6 14:12:48"
"D:\OpenClaw\workspace\41-medium\P-2026-03-03-The-Auton-Agentic-AI-Framework.md","20913","2026/3/6 14:12:48"
"D:\OpenClaw\workspace\41-medium\P-20260302-From Flat Logs to Causal Graphs- Hierarchical Fail.md","14305","2026/3/6 14:12:48"
"D:\OpenClaw\workspace\41-medium\P-20260302-ODAR- Principled Adaptive Routing for LLM Reasonin.md","16498","2026/3/6 14:12:48"
"D:\OpenClaw\workspace\41-medium\P-20260302-ProductResearch- Training E-Commerce Deep Research.md","21289","2026/3/6 14:12:48"
"D:\OpenClaw\workspace\41-medium\P-20260302-PseudoAct- Leveraging Pseudocode Synthesis for Fle.md","10072","2026/3/6 14:12:48"
"D:\OpenClaw\workspace\41-medium\P-20260302-The Auton Agentic AI Framework.md","7181","2026/3/6 14:12:48"
"D:\OpenClaw\workspace\41-medium\README.md","2983","2026/3/6 23:09:44"
"D:\OpenClaw\workspace\41-medium\ROADMAP.md","4575","2026/3/6 14:12:48"
"D:\OpenClaw\workspace\41-medium\Senior Developers The World Owes You an Apology.md","737","2026/3/6 14:12:48"
"D:\OpenClaw\workspace\41-medium\全面优化报告.md","5587","2026/3/6 14:12:48"
"D:\OpenClaw\workspace\41-medium\报告索引.md","1209","2026/3/6 14:12:48"
"D:\OpenClaw\workspace\41-medium\根目录文件说明.md","1610","2026/3/6 14:12:48"
"D:\OpenClaw\workspace\41-medium\知识库优化报告.md","2354","2026/3/6 14:12:48"
"D:\OpenClaw\workspace\41-medium\知识库索引.md","4152","2026/3/6 14:12:48"
"D:\OpenClaw\workspace\41-medium\终端编码问题修复报告.md","3898","2026/3/6 14:12:48"
"D:\OpenClaw\workspace\41-medium\综合状态报告.md","19568","2026/3/6 14:12:48"
"D:\OpenClaw\workspace\41-medium\编码配置说明.md","834","2026/3/6 14:12:48"
"D:\OpenClaw\workspace\41-medium\Analysis\analysis-arxiv-2026-03-04.md","1219","2026/3/6 14:12:47"
"D:\OpenClaw\workspace\41-medium\Analysis\analysis-medium-2026-03-04-15-Python-One-Liners-That-Make-You-Look-Like-a-Cod.md","1424","2026/3/6 14:12:47"
"D:\OpenClaw\workspace\41-medium\Analysis\analysis-medium-2026-03-04-Agentic-Governance-with-Bounded-Autonomy-In-Practi.md","1440","2026/3/6 14:12:47"
"D:\OpenClaw\workspace\41-medium\Analysis\analysis-medium-2026-03-04-AINFT--S37000USDT13000USDT.md","1879","2026/3/6 14:12:47"
"D:\OpenClaw\workspace\41-medium\Analysis\analysis-medium-2026-03-04-AINFT-闯关赛-S3火热开启奖池飙升至7000USDT全赛季奖励累计13000USDT.md","1879","2026/3/6 14:12:47"
"D:\OpenClaw\workspace\41-medium\Analysis\analysis-medium-2026-03-04-How-to-Write-Better-Code-with-AI-The-Power-of-Pro.md","1465","2026/3/6 14:12:47"
"D:\OpenClaw\workspace\41-medium\Analysis\analysis-medium-2026-03-04-MCP-Nedir-Yapay-Zekann-D-Dnyayla-Konuma-Dili.md","1467","2026/3/6 14:12:47"
"D:\OpenClaw\workspace\41-medium\Analysis\analysis-medium-2026-03-04-Naturalidade-no--improviso-aprendizados-de-Cont.md","1451","2026/3/6 14:12:47"
"D:\OpenClaw\workspace\41-medium\Analysis\analysis-medium-2026-03-04-Naturalidade-não-é-improviso-aprendizados-de-Cont.md","1469","2026/3/6 14:12:47"
"D:\OpenClaw\workspace\41-medium\Analysis\analysis-medium-2026-03-04-Running-AI-on-Your-Laptop-A-Step-by-Step-Guide-to.md","1427","2026/3/6 14:12:47"
"D:\OpenClaw\workspace\41-medium\Analysis\analysis-medium-2026-03-04-The-Pragmatic-Programmer-in-the-AI-Era.md","1312","2026/3/6 14:12:47"
"D:\OpenClaw\workspace\41-medium\Analysis\analysis-medium-2026-03-04-Why-Your-Cowork-Output-Is-Mediocre-And-How-to-Fix.md","1479","2026/3/6 14:12:47"
"D:\OpenClaw\workspace\41-medium\Analysis\analysis-medium-summary-2026-03-04.md","1338","2026/3/6 14:12:47"
"D:\OpenClaw\workspace\41-medium\Analysis\analysis-summary.md","764","2026/3/6 14:12:47"
"D:\OpenClaw\workspace\41-medium\Archive\INDEX.md","2539","2026/3/6 14:12:48"
"D:\OpenClaw\workspace\41-medium\Archive\ORGANIZATION-REPORT.md","2983","2026/3/6 14:12:48"
"D:\OpenClaw\workspace\41-medium\Archive\2026-03\20260302-183719-7688c89e7c02.md","286","2026/3/6 14:12:47"
"D:\OpenClaw\workspace\41-medium\Archive\2026-03\20260302-183719-7b4cc0efd235.md","286","2026/3/6 14:12:47"
"D:\OpenClaw\workspace\41-medium\Archive\2026-03\20260302-183719-841d63574825.md","286","2026/3/6 14:12:47"
"D:\OpenClaw\workspace\41-medium\Archive\2026-03\20260302-183719-data-science.md","282","2026/3/6 14:12:47"
"D:\OpenClaw\workspace\41-medium\Archive\2026-03\20260302-183719-towards-data-science.md","322","2026/3/6 14:12:47"
"D:\OpenClaw\workspace\41-medium\Archive\2026-03\20260302-183824-3e51432ae0e9.md","286","2026/3/6 14:12:47"
"D:\OpenClaw\workspace\41-medium\Archive\2026-03\20260302-183824-3f456a51ff99.md","286","2026/3/6 14:12:47"
"D:\OpenClaw\workspace\41-medium\Archive\2026-03\20260302-183824-996cfc41e53e.md","286","2026/3/6 14:12:47"
"D:\OpenClaw\workspace\41-medium\Archive\2026-03\20260302-183824-better-programming.md","314","2026/3/6 14:12:47"
"D:\OpenClaw\workspace\41-medium\Archive\2026-03\20260302-183824-bf37baef8f27.md","286","2026/3/6 14:12:47"
"D:\OpenClaw\workspace\41-medium\Archive\2026-03\20260302-183946-5c1a1d32fc85.md","408","2026/3/6 23:34:50"
"D:\OpenClaw\workspace\41-medium\Archive\2026-03\20260302-183946-9bace9ebf1d1.md","286","2026/3/6 14:12:47"
"D:\OpenClaw\workspace\41-medium\Archive\2026-03\20260302-183946-e4674a6a5c47.md","286","2026/3/6 14:12:47"
"D:\OpenClaw\workspace\41-medium\Archive\2026-03\20260302-183946-swlh.md","250","2026/3/6 14:12:47"
"D:\OpenClaw\workspace\41-medium\Archive\2026-03\20260302-184453-8cd216babecd.md","286","2026/3/6 14:12:47"
"D:\OpenClaw\workspace\41-medium\Archive\2026-03\20260302-184453-90dcd7919f39.md","286","2026/3/6 14:12:47"
"D:\OpenClaw\workspace\41-medium\Archive\2026-03\20260302-184453-artificial-intelligence.md","346","2026/3/6 14:12:47"
"D:\OpenClaw\workspace\41-medium\Archive\2026-03\20260302-184453-latest.md","314","2026/3/6 14:12:47"
"D:\OpenClaw\workspace\41-medium\Archive\2026-03\20260302-184958-1eb9585b6f4e.md","286","2026/3/6 14:12:47"
"D:\OpenClaw\workspace\41-medium\Archive\2026-03\20260302-184958-25fa81daace4.md","286","2026/3/6 14:12:47"
"D:\OpenClaw\workspace\41-medium\Archive\2026-03\20260302-184958-3ee5d41f81a4.md","286","2026/3/6 14:12:47"
"D:\OpenClaw\workspace\41-medium\Archive\2026-03\20260302-184958-4814b759da5f.md","286","2026/3/6 14:12:47"
"D:\OpenClaw\workspace\41-medium\Archive\2026-03\20260302-184958-48809a853fae.md","286","2026/3/6 14:12:47"
"D:\OpenClaw\workspace\41-medium\Archive\2026-03\20260302-184958-8d81fccd8250.md","286","2026/3/6 14:12:47"
"D:\OpenClaw\workspace\41-medium\Archive\2026-03\20260302-184958-c3b9f11e89c6.md","286","2026/3/6 14:12:47"
"D:\OpenClaw\workspace\41-medium\Archive\2026-03\20260302-184958-c5f79fc8019e.md","286","2026/3/6 14:12:47"
"D:\OpenClaw\workspace\41-medium\Archive\2026-03\20260302-184958-ccbd1d3f9fd7.md","286","2026/3/6 14:12:47"
"D:\OpenClaw\workspace\41-medium\Archive\2026-03\20260302-184958-e1a1142456e2.md","286","2026/3/6 14:12:47"
"D:\OpenClaw\workspace\41-medium\Archive\2026-03\20260302-185505-0f2301302726.md","286","2026/3/6 14:12:47"
"D:\OpenClaw\workspace\41-medium\Archive\2026-03\20260302-185505-343a33951d84.md","286","2026/3/6 14:12:47"
"D:\OpenClaw\workspace\41-medium\Archive\2026-03\20260302-185505-41df738a6711.md","286","2026/3/6 14:12:47"
"D:\OpenClaw\workspace\41-medium\Archive\2026-03\20260302-185505-7b3378a9c325.md","286","2026/3/6 14:12:47"
"D:\OpenClaw\workspace\41-medium\Archive\2026-03\20260302-185505-9280a3ef0333.md","286","2026/3/6 14:12:47"
"D:\OpenClaw\workspace\41-medium\Archive\2026-03\20260302-185505-9a64b9d1f0e6.md","286","2026/3/6 14:12:47"
"D:\OpenClaw\workspace\41-medium\Archive\2026-03\20260302-185505-af2cfe333b52.md","286","2026/3/6 14:12:47"
"D:\OpenClaw\workspace\41-medium\Archive\2026-03\20260302-185505-d8a76808b136.md","286","2026/3/6 14:12:47"
"D:\OpenClaw\workspace\41-medium\Archive\2026-03\20260302-185505-f8abba4d893c.md","286","2026/3/6 14:12:47"
"D:\OpenClaw\workspace\41-medium\Archive\2026-03\20260302-185505-fb95683a131e.md","286","2026/3/6 14:12:47"
"D:\OpenClaw\workspace\41-medium\Archive\2026-03\20260302-190014-098c101946bf.md","286","2026/3/6 14:12:47"
"D:\OpenClaw\workspace\41-medium\Archive\2026-03\20260302-190014-323ff193f1f8.md","286","2026/3/6 14:12:47"
"D:\OpenClaw\workspace\41-medium\Archive\2026-03\20260302-190014-451fa21b82e8.md","286","2026/3/6 14:12:47"
"D:\OpenClaw\workspace\41-medium\Archive\2026-03\20260302-190014-4918c8c39b2e.md","286","2026/3/6 14:12:47"
"D:\OpenClaw\workspace\41-medium\Archive\2026-03\20260302-190014-4f56c07938b6.md","286","2026/3/6 14:12:47"
"D:\OpenClaw\workspace\41-medium\Archive\2026-03\20260302-190014-7310dcf54a9e.md","286","2026/3/6 14:12:47"
"D:\OpenClaw\workspace\41-medium\Archive\2026-03\20260302-190014-ad33fc106338.md","286","2026/3/6 14:12:47"
"D:\OpenClaw\workspace\41-medium\Archive\2026-03\20260302-190014-bec57a5f8bf8.md","286","2026/3/6 14:12:47"
"D:\OpenClaw\workspace\41-medium\Archive\2026-03\20260302-190014-codex.md","254","2026/3/6 14:12:47"
"D:\OpenClaw\workspace\41-medium\Archive\2026-03\20260302-190525-08427dcefcee.md","286","2026/3/6 14:12:47"
"D:\OpenClaw\workspace\41-medium\Archive\2026-03\20260302-190525-4ab5f305b1d5.md","286","2026/3/6 14:12:47"
"D:\OpenClaw\workspace\41-medium\Archive\2026-03\20260302-190525-926b67bc9bf1.md","286","2026/3/6 14:12:47"
"D:\OpenClaw\workspace\41-medium\Archive\2026-03\20260302-190525-9ad629096d40.md","286","2026/3/6 14:12:47"
"D:\OpenClaw\workspace\41-medium\Archive\2026-03\20260302-190525-9d13feb77b9b.md","286","2026/3/6 14:12:47"
"D:\OpenClaw\workspace\41-medium\Archive\2026-03\20260302-190525-bfd68d59092e.md","286","2026/3/6 14:12:47"
"D:\OpenClaw\workspace\41-medium\Archive\2026-03\20260302-190525-c714bddd235c.md","286","2026/3/6 14:12:47"
"D:\OpenClaw\workspace\41-medium\Archive\2026-03\20260302-190525-c7a040c979c6.md","286","2026/3/6 14:12:47"
"D:\OpenClaw\workspace\41-medium\Archive\2026-03\20260302-190525-d8b0fcedacd8.md","286","2026/3/6 14:12:47"
"D:\OpenClaw\workspace\41-medium\Archive\2026-03\20260302-190525-javascript-in-plain-english.md","350","2026/3/6 14:12:47"
"D:\OpenClaw\workspace\41-medium\Archive\2026-03\20260302-191032-1814b112871c.md","286","2026/3/6 14:12:47"
"D:\OpenClaw\workspace\41-medium\Archive\2026-03\20260302-191032-6ac797e23ffa.md","286","2026/3/6 14:12:47"
"D:\OpenClaw\workspace\41-medium\Archive\2026-03\20260302-191032-7e7c300de7f0.md","286","2026/3/6 14:12:47"
"D:\OpenClaw\workspace\41-medium\Archive\2026-03\20260302-191032-cc70ac87ad2d.md","286","2026/3/6 14:12:47"
"D:\OpenClaw\workspace\41-medium\Archive\2026-03\20260302-191032-deep-learning-mimarileri-ec6c20e3761b.md","390","2026/3/6 14:12:47"
"D:\OpenClaw\workspace\41-medium\Archive\2026-03\20260302-191032-ec6c20e3761b.md","286","2026/3/6 14:12:47"
"D:\OpenClaw\workspace\41-medium\Archive\2026-03\20260302-191032-in-the-image-of-man-7e7c300de7f0.md","372","2026/3/6 14:12:47"
"D:\OpenClaw\workspace\41-medium\Archive\2026-03\20260302-191545-2418413a590a.md","286","2026/3/6 14:12:47"
"D:\OpenClaw\workspace\41-medium\Archive\2026-03\20260302-191545-b731f8872309.md","286","2026/3/6 14:12:47"
"D:\OpenClaw\workspace\41-medium\Archive\2026-03\20260302-191545-c4c54e511d0a.md","286","2026/3/6 14:12:47"
"D:\OpenClaw\workspace\41-medium\Archive\2026-03\20260302-191545-d05b470537de.md","286","2026/3/6 14:12:47"
"D:\OpenClaw\workspace\41-medium\Archive\2026-03\20260302-191545-d84f2f3f42f9.md","286","2026/3/6 14:12:47"
"D:\OpenClaw\workspace\41-medium\Archive\2026-03\20260302-191545-python-in-plain-english.md","334","2026/3/6 14:12:47"
"D:\OpenClaw\workspace\41-medium\Archive\2026-03\20260302-191545-the-ai-lab-partner-d84f2f3f42f9.md","392","2026/3/6 14:12:47"
"D:\OpenClaw\workspace\41-medium\Archive\2026-03\20260302-192100-).md","238","2026/3/6 14:12:47"
"D:\OpenClaw\workspace\41-medium\Archive\2026-03\20260302-192100-@jamievaron).md","282","2026/3/6 14:12:47"
"D:\OpenClaw\workspace\41-medium\Archive\2026-03\20260302-192100-@jamievaron.md","278","2026/3/6 14:12:47"
"D:\OpenClaw\workspace\41-medium\Archive\2026-03\20260302-192100-@jfpetersphoto).md","294","2026/3/6 14:12:47"
"D:\OpenClaw\workspace\41-medium\Archive\2026-03\20260302-192100-@jfpetersphoto.md","290","2026/3/6 14:12:47"
"D:\OpenClaw\workspace\41-medium\Archive\2026-03\20260302-192100-@priya_ebooks).md","290","2026/3/6 14:12:47"
"D:\OpenClaw\workspace\41-medium\Archive\2026-03\20260302-192100-level-up-coding.md","302","2026/3/6 14:12:47"
"D:\OpenClaw\workspace\41-medium\Archive\2026-03\20260302-192100-three-things-i-lost-580108ca0a2c.md","386","2026/3/6 14:12:47"
"D:\OpenClaw\workspace\41-medium\Archive\2026-03\20260302-192444-235c5552efc8.md","286","2026/3/6 14:12:47"
"D:\OpenClaw\workspace\41-medium\Archive\2026-03\20260302-192444-30b5896b202b.md","286","2026/3/6 14:12:47"
"D:\OpenClaw\workspace\41-medium\Archive\2026-03\20260302-192444-5767326a8372.md","286","2026/3/6 14:12:47"
"D:\OpenClaw\workspace\41-medium\Archive\2026-03\20260302-192444-a99ba9400965.md","286","2026/3/6 14:12:47"
"D:\OpenClaw\workspace\41-medium\Archive\2026-03\20260302-192444-aebaeb5fa395.md","286","2026/3/6 14:12:47"
"D:\OpenClaw\workspace\41-medium\Archive\2026-03\20260302-192617-1b44c7b3da85.md","286","2026/3/6 14:12:47"
"D:\OpenClaw\workspace\41-medium\Archive\2026-03\20260302-192617-8e303d66bf83.md","286","2026/3/6 14:12:47"
"D:\OpenClaw\workspace\41-medium\Archive\2026-03\20260302-193141-034685e17707.md","286","2026/3/6 14:12:47"
"D:\OpenClaw\workspace\41-medium\Archive\2026-03\20260302-193141-0872a2745c17.md","286","2026/3/6 14:12:47"
"D:\OpenClaw\workspace\41-medium\Archive\2026-03\20260302-193141-3c6589cf4596.md","286","2026/3/6 14:12:47"
"D:\OpenClaw\workspace\41-medium\Archive\2026-03\20260302-193141-623e9010cf77.md","286","2026/3/6 14:12:47"
"D:\OpenClaw\workspace\41-medium\Archive\2026-03\20260302-193141-6a2d2720cd6f.md","286","2026/3/6 14:12:47"
"D:\OpenClaw\workspace\41-medium\Archive\2026-03\20260302-193141-7d093c703ea7.md","286","2026/3/6 14:12:47"
"D:\OpenClaw\workspace\41-medium\Archive\2026-03\20260302-193141-96db2c9e7eb0.md","286","2026/3/6 14:12:47"
"D:\OpenClaw\workspace\41-medium\Archive\2026-03\20260302-193141-data-science-collective.md","326","2026/3/6 14:12:47"
"D:\OpenClaw\workspace\41-medium\Archive\2026-03\20260302-193141-f891d9639241.md","286","2026/3/6 14:12:47"
"D:\OpenClaw\workspace\41-medium\Archive\2026-03\20260302-193545-083371501bb4.md","286","2026/3/6 14:12:47"
"D:\OpenClaw\workspace\41-medium\Archive\2026-03\20260302-193545-09c11a6e3371.md","286","2026/3/6 14:12:47"
"D:\OpenClaw\workspace\41-medium\Archive\2026-03\20260302-193545-2fdb8e08b7cd.md","286","2026/3/6 14:12:47"
"D:\OpenClaw\workspace\41-medium\Archive\2026-03\20260302-193545-80ca64e651c0.md","286","2026/3/6 14:12:47"
"D:\OpenClaw\workspace\41-medium\Archive\2026-03\20260302-193545-860d987b1b34.md","286","2026/3/6 14:12:47"
"D:\OpenClaw\workspace\41-medium\Archive\2026-03\20260302-193545-913f636a3451.md","286","2026/3/6 14:12:47"
"D:\OpenClaw\workspace\41-medium\Archive\2026-03\20260302-193545-ab812d4c4248.md","286","2026/3/6 14:12:47"
"D:\OpenClaw\workspace\41-medium\Archive\2026-03\20260302-193545-b9996516306a.md","286","2026/3/6 14:12:47"
"D:\OpenClaw\workspace\41-medium\Archive\2026-03\20260302-193545-ceb1e7c81b83.md","286","2026/3/6 14:12:47"
"D:\OpenClaw\workspace\41-medium\Archive\2026-03\20260302-193545-generative-ai.md","294","2026/3/6 14:12:47"
"D:\OpenClaw\workspace\41-medium\Archive\2026-03\20260302-193707-246d83c968f1.md","286","2026/3/6 14:12:47"
"D:\OpenClaw\workspace\41-medium\Archive\2026-03\20260302-193707-57db2945ca0a.md","286","2026/3/6 14:12:47"
"D:\OpenClaw\workspace\41-medium\Archive\2026-03\20260302-193707-87b84e8788af.md","286","2026/3/6 14:12:47"
"D:\OpenClaw\workspace\41-medium\Archive\2026-03\20260302-193707-9b9f33e22cb8.md","286","2026/3/6 14:12:47"
"D:\OpenClaw\workspace\41-medium\Archive\2026-03\20260302-193707-9e8f6c37e3cb.md","286","2026/3/6 14:12:47"
"D:\OpenClaw\workspace\41-medium\Archive\2026-03\20260302-193707-better-humans.md","294","2026/3/6 14:12:47"
"D:\OpenClaw\workspace\41-medium\Archive\2026-03\20260302-193707-ux-collective.md","286","2026/3/6 14:12:47"
"D:\OpenClaw\workspace\41-medium\Archive\2026-03\20260302-193708-5571864b13d3.md","286","2026/3/6 14:12:47"
"D:\OpenClaw\workspace\41-medium\Archive\2026-03\20260302-193708-b1a7ee707841.md","286","2026/3/6 14:12:47"
"D:\OpenClaw\workspace\41-medium\Archive\2026-03\20260302-193936-156f6764534e.md","286","2026/3/6 14:12:47"
"D:\OpenClaw\workspace\41-medium\Archive\2026-03\20260302-193936-209bd64ced5b.md","286","2026/3/6 14:12:47"
"D:\OpenClaw\workspace\41-medium\Archive\2026-03\20260302-193936-229af2a9b8ce.md","286","2026/3/6 14:12:47"
"D:\OpenClaw\workspace\41-medium\Archive\2026-03\20260302-193936-5e52402baca3.md","286","2026/3/6 14:12:47"
"D:\OpenClaw\workspace\41-medium\Archive\2026-03\20260302-193936-6ada4551c5e9.md","286","2026/3/6 14:12:47"
"D:\OpenClaw\workspace\41-medium\Archive\2026-03\20260302-193936-c9a08b977089.md","286","2026/3/6 14:12:47"
"D:\OpenClaw\workspace\41-medium\Archive\2026-03\20260302-193936-e53fbfa8be8c.md","286","2026/3/6 14:12:47"
"D:\OpenClaw\workspace\41-medium\Archive\2026-03\20260302-194240-34da48a171c4.md","286","2026/3/6 14:12:47"
"D:\OpenClaw\workspace\41-medium\Archive\2026-03\20260302-194240-963c657c9169.md","286","2026/3/6 14:12:47"
"D:\OpenClaw\workspace\41-medium\Archive\2026-03\20260302-194240-c7ec05aa2442.md","286","2026/3/6 14:12:47"
"D:\OpenClaw\workspace\41-medium\Archive\2026-03\20260302-194240-elemental.md","278","2026/3/6 14:12:47"
"D:\OpenClaw\workspace\41-medium\Archive\2026-03\20260302-194240-illuminations.md","286","2026/3/6 14:12:47"
"D:\OpenClaw\workspace\41-medium\Archive\2026-03\20260302-194240-onezero.md","270","2026/3/6 14:12:47"
"D:\OpenClaw\workspace\41-medium\Archive\2026-03\20260302-194822-2c23a779d13.md","282","2026/3/6 14:12:47"
"D:\OpenClaw\workspace\41-medium\Archive\2026-03\20260302-194822-53c2fef5c595.md","286","2026/3/6 14:12:47"
"D:\OpenClaw\workspace\41-medium\Archive\2026-03\20260302-194822-6723e5123823.md","286","2026/3/6 14:12:47"
"D:\OpenClaw\workspace\41-medium\Archive\2026-03\20260302-194822-7c3f29eafc8f.md","286","2026/3/6 14:12:47"
"D:\OpenClaw\workspace\41-medium\Archive\2026-03\20260302-194822-84f9fce80a91.md","286","2026/3/6 14:12:47"
"D:\OpenClaw\workspace\41-medium\Archive\2026-03\20260302-194822-bd1a29fa2cce.md","286","2026/3/6 14:12:47"
"D:\OpenClaw\workspace\41-medium\Archive\2026-03\20260302-194822-c102a542fc52.md","286","2026/3/6 14:12:47"
"D:\OpenClaw\workspace\41-medium\Archive\2026-03\20260302-194822-ff6ab1b4b91a.md","286","2026/3/6 14:12:47"
"D:\OpenClaw\workspace\41-medium\Archive\2026-03\20260302-194822-the-ascent.md","274","2026/3/6 14:12:47"
"D:\OpenClaw\workspace\41-medium\Archive\2026-03\20260302-195330-614c8eac08cf.md","286","2026/3/6 14:12:47"
"D:\OpenClaw\workspace\41-medium\Archive\2026-03\20260302-195330-787399c33a20.md","286","2026/3/6 14:12:47"
"D:\OpenClaw\workspace\41-medium\Archive\2026-03\20260302-195330-7b3b1ce7ab9e.md","286","2026/3/6 14:12:47"
"D:\OpenClaw\workspace\41-medium\Archive\2026-03\20260302-195330-bcd54b45ea06.md","286","2026/3/6 14:12:47"
"D:\OpenClaw\workspace\41-medium\Archive\2026-03\20260302-195330-ec7598405380.md","286","2026/3/6 14:12:47"
"D:\OpenClaw\workspace\41-medium\Archive\2026-03\20260302-195330-f0e44618dbe6.md","286","2026/3/6 14:12:47"
"D:\OpenClaw\workspace\41-medium\Archive\2026-03\20260302-195912-2389c3837157.md","286","2026/3/6 14:12:47"
"D:\OpenClaw\workspace\41-medium\Archive\2026-03\20260302-195912-57cda7fbd48c.md","286","2026/3/6 14:12:47"
"D:\OpenClaw\workspace\41-medium\Archive\2026-03\20260302-195912-7055ed85dbdd.md","286","2026/3/6 14:12:47"
"D:\OpenClaw\workspace\41-medium\Archive\2026-03\20260302-195912-7aceb264dd5a.md","286","2026/3/6 14:12:47"
"D:\OpenClaw\workspace\41-medium\Archive\2026-03\20260302-195912-7df2b74ae95a.md","286","2026/3/6 14:12:47"
"D:\OpenClaw\workspace\41-medium\Archive\2026-03\20260302-195912-82071d837b22.md","286","2026/3/6 14:12:47"
"D:\OpenClaw\workspace\41-medium\Archive\2026-03\20260302-195912-83efd0888c1f.md","286","2026/3/6 14:12:47"
"D:\OpenClaw\workspace\41-medium\Archive\2026-03\20260302-195912-entrepreneurship-handbook.md","342","2026/3/6 14:12:47"
"D:\OpenClaw\workspace\41-medium\Archive\2026-03\20260302-195912-fc15d5f0e5ff.md","286","2026/3/6 14:12:47"
"D:\OpenClaw\workspace\41-medium\Archive\2026-03\20260302-195912-prototypr.md","278","2026/3/6 14:12:47"
"D:\OpenClaw\workspace\41-medium\Archive\2026-03\20260302-200528-3380fa45a7b4.md","286","2026/3/6 14:12:47"
"D:\OpenClaw\workspace\41-medium\Archive\2026-03\20260302-200528-926cfa861242.md","286","2026/3/6 14:12:47"
"D:\OpenClaw\workspace\41-medium\Archive\2026-03\20260302-200528-ai-ethics.md","270","2026/3/6 14:12:47"
"D:\OpenClaw\workspace\41-medium\Archive\2026-03\20260302-200528-android-developer-blog.md","330","2026/3/6 14:12:47"
"D:\OpenClaw\workspace\41-medium\Archive\2026-03\20260302-200528-silicon-angle.md","294","2026/3/6 14:12:47"
"D:\OpenClaw\workspace\41-medium\Archive\2026-03\20260302-200528-sync-review.md","286","2026/3/6 14:12:47"
"D:\OpenClaw\workspace\41-medium\Archive\2026-03\20260302-200528-the-decoder.md","278","2026/3/6 14:12:47"
"D:\OpenClaw\workspace\41-medium\Archive\2026-03\20260302-200528-venturebeat-ai.md","298","2026/3/6 14:12:47"
"D:\OpenClaw\workspace\41-medium\Archive\2026-03\20260302-201037-1620d5259a5c.md","286","2026/3/6 14:12:47"
"D:\OpenClaw\workspace\41-medium\Archive\2026-03\20260302-201037-19cb9f3225f3.md","286","2026/3/6 14:12:47"
"D:\OpenClaw\workspace\41-medium\Archive\2026-03\20260302-201037-8e5d6982991b.md","286","2026/3/6 14:12:47"
"D:\OpenClaw\workspace\41-medium\Archive\2026-03\20260302-201037-above-the-loop-e88bc830f84e.md","376","2026/3/6 14:12:47"
"D:\OpenClaw\workspace\41-medium\Archive\2026-03\20260302-201037-d01b030cd781.md","286","2026/3/6 14:12:47"
"D:\OpenClaw\workspace\41-medium\Archive\2026-03\20260302-201037-dc9de297b226.md","286","2026/3/6 14:12:47"
"D:\OpenClaw\workspace\41-medium\Archive\2026-03\20260302-201037-e2a59eaca799.md","286","2026/3/6 14:12:47"
"D:\OpenClaw\workspace\41-medium\Archive\2026-03\20260302-201245-05ef73ad9517.md","286","2026/3/6 14:12:47"
"D:\OpenClaw\workspace\41-medium\Archive\2026-03\20260302-201245-38660ef99387.md","286","2026/3/6 14:12:47"
"D:\OpenClaw\workspace\41-medium\Archive\2026-03\20260302-201245-c82ffe1ab2a3.md","286","2026/3/6 14:12:47"
"D:\OpenClaw\workspace\41-medium\Archive\2026-03\20260302-201245-coinbase.md","274","2026/3/6 14:12:47"
"D:\OpenClaw\workspace\41-medium\Archive\2026-03\20260302-201245-e88bc830f84e.md","286","2026/3/6 14:12:47"
"D:\OpenClaw\workspace\41-medium\Archive\2026-03\20260302-201245-stanford-hai.md","290","2026/3/6 14:12:47"
"D:\OpenClaw\workspace\41-medium\Archive\2026-03\20260302-201245-the-mission.md","278","2026/3/6 14:12:47"
"D:\OpenClaw\workspace\41-medium\Archive\2026-03\20260302-201640-3606256c8182.md","286","2026/3/6 14:12:47"
"D:\OpenClaw\workspace\41-medium\Archive\2026-03\20260302-201640-8e59bde61c6a.md","286","2026/3/6 14:12:47"
"D:\OpenClaw\workspace\41-medium\Archive\2026-03\20260302-201640-airbnb-techblog.md","302","2026/3/6 14:12:47"
"D:\OpenClaw\workspace\41-medium\Archive\2026-03\20260302-201640-ananzi.md","266","2026/3/6 14:12:47"
"D:\OpenClaw\workspace\41-medium\Archive\2026-03\20260302-201640-f815ef809d61.md","286","2026/3/6 14:12:47"
"D:\OpenClaw\workspace\41-medium\Archive\2026-03\20260302-201640-google-ai.md","278","2026/3/6 14:12:47"
"D:\OpenClaw\workspace\41-medium\Archive\2026-03\20260302-201640-googleai.md","266","2026/3/6 14:12:47"
"D:\OpenClaw\workspace\41-medium\Archive\2026-03\20260302-201640-latam-list.md","274","2026/3/6 14:12:47"
"D:\OpenClaw\workspace\41-medium\Archive\2026-03\20260302-201640-uber-engineering.md","306","2026/3/6 14:12:47"
"D:\OpenClaw\workspace\41-medium\Archive\2026-03\20260302-201900-417566261601.md","286","2026/3/6 14:12:47"
"D:\OpenClaw\workspace\41-medium\Archive\2026-03\20260302-201900-6f2e3e661c5b.md","286","2026/3/6 14:12:47"
"D:\OpenClaw\workspace\41-medium\Archive\2026-03\20260302-201900-7b3ce32ea512.md","286","2026/3/6 14:12:47"
"D:\OpenClaw\workspace\41-medium\Archive\2026-03\20260302-201900-7ea9c929c81f.md","286","2026/3/6 14:12:47"
"D:\OpenClaw\workspace\41-medium\Archive\2026-03\20260302-201900-b7a73d302420.md","286","2026/3/6 14:12:47"
"D:\OpenClaw\workspace\41-medium\Archive\2026-03\20260302-201900-chinese-tech-translator.md","334","2026/3/6 14:12:47"
"D:\OpenClaw\workspace\41-medium\Archive\2026-03\20260302-201900-d3ec94018db7.md","286","2026/3/6 14:12:47"
"D:\OpenClaw\workspace\41-medium\Archive\2026-03\20260302-201900-eu-startups.md","286","2026/3/6 14:12:47"
"D:\OpenClaw\workspace\41-medium\Archive\2026-03\20260302-201900-india-bioscience.md","306","2026/3/6 14:12:47"
"D:\OpenClaw\workspace\41-medium\Archive\2026-03\20260302-201900-japan-forward.md","294","2026/3/6 14:12:47"
"D:\OpenClaw\workspace\41-medium\Archive\2026-03\20260302-202308-2a309ece25b6.md","286","2026/3/6 14:12:47"
"D:\OpenClaw\workspace\41-medium\Archive\2026-03\20260302-202308-302f4220bf9c.md","286","2026/3/6 14:12:47"
"D:\OpenClaw\workspace\41-medium\Archive\2026-03\20260302-202308-51c1e41a64a8.md","286","2026/3/6 14:12:47"
"D:\OpenClaw\workspace\41-medium\Archive\2026-03\20260302-202308-618a3e5b8ce9.md","286","2026/3/6 14:12:47"
"D:\OpenClaw\workspace\41-medium\Archive\2026-03\20260302-202308-a9bfd4f7e28d.md","286","2026/3/6 14:12:47"
"D:\OpenClaw\workspace\41-medium\Archive\2026-03\20260302-202308-c49d3700a5c8.md","286","2026/3/6 14:12:47"
"D:\OpenClaw\workspace\41-medium\Archive\2026-03\20260302-202308-f6f3d953189b.md","286","2026/3/6 14:12:47"
"D:\OpenClaw\workspace\41-medium\Archive\2026-03\20260302-202308-f923cb724bb8.md","286","2026/3/6 14:12:47"
"D:\OpenClaw\workspace\41-medium\Archive\2026-03\20260302-202308-tech-in-asia.md","282","2026/3/6 14:12:47"
"D:\OpenClaw\workspace\41-medium\Archive\2026-03\20260302-202820-2b1c1e053aab.md","286","2026/3/6 14:12:47"
"D:\OpenClaw\workspace\41-medium\Archive\2026-03\20260302-202820-2cd8e27b3e39.md","286","2026/3/6 14:12:47"
"D:\OpenClaw\workspace\41-medium\Archive\2026-03\20260302-202820-8ecf2182aa14.md","286","2026/3/6 14:12:47"
"D:\OpenClaw\workspace\41-medium\Archive\2026-03\20260302-202820-a13e50cab9f0.md","286","2026/3/6 14:12:47"
"D:\OpenClaw\workspace\41-medium\Archive\2026-03\20260302-202820-bee6b28b8ccc.md","286","2026/3/6 14:12:47"
"D:\OpenClaw\workspace\41-medium\Archive\2026-03\20260302-202820-interesting-1c950f6a41a3.md","368","2026/3/6 14:12:47"
"D:\OpenClaw\workspace\41-medium\Archive\2026-03\20260302-203453-170710cecf9e.md","286","2026/3/6 14:12:47"
"D:\OpenClaw\workspace\41-medium\Archive\2026-03\20260302-203453-1c950f6a41a3.md","286","2026/3/6 14:12:47"
"D:\OpenClaw\workspace\41-medium\Archive\2026-03\20260302-203453-1d3a26a414ce.md","286","2026/3/6 14:12:47"
"D:\OpenClaw\workspace\41-medium\Archive\2026-03\20260302-203453-21a304007057.md","286","2026/3/6 14:12:47"
"D:\OpenClaw\workspace\41-medium\Archive\2026-03\20260302-203453-26e1121ac74a.md","286","2026/3/6 14:12:47"
"D:\OpenClaw\workspace\41-medium\Archive\2026-03\20260302-203453-6120d1581f6d.md","286","2026/3/6 14:12:47"
"D:\OpenClaw\workspace\41-medium\Archive\2026-03\20260302-204000-31ab0f1c06a9.md","286","2026/3/6 14:12:47"
"D:\OpenClaw\workspace\41-medium\Archive\2026-03\20260302-204000-6de31a2d8f0c.md","286","2026/3/6 14:12:47"
"D:\OpenClaw\workspace\41-medium\Archive\2026-03\20260302-204000-8f86e156e9b2.md","286","2026/3/6 14:12:47"
"D:\OpenClaw\workspace\41-medium\Archive\2026-03\20260302-204000-b7355c5bc3d8.md","286","2026/3/6 14:12:47"
"D:\OpenClaw\workspace\41-medium\Archive\2026-03\20260302-204000-bfed15aeedff.md","286","2026/3/6 14:12:47"
"D:\OpenClaw\workspace\41-medium\Archive\2026-03\20260302-204000-c5cfeb05f730.md","286","2026/3/6 14:12:47"
"D:\OpenClaw\workspace\41-medium\Archive\2026-03\20260302-204515-the-rust-programming-language.md","358","2026/3/6 14:12:47"
"D:\OpenClaw\workspace\41-medium\Archive\2026-03\20260302-204542-0046f8790194.md","286","2026/3/6 14:12:47"
"D:\OpenClaw\workspace\41-medium\Archive\2026-03\20260302-204542-02f592242d80.md","286","2026/3/6 14:12:47"
"D:\OpenClaw\workspace\41-medium\Archive\2026-03\20260302-204542-261ca045447f.md","286","2026/3/6 14:12:47"
"D:\OpenClaw\workspace\41-medium\Archive\2026-03\20260302-204542-41f1b0ad5371.md","286","2026/3/6 14:12:47"
"D:\OpenClaw\workspace\41-medium\Archive\2026-03\20260302-204542-73c69ccb5953.md","286","2026/3/6 14:12:47"
"D:\OpenClaw\workspace\41-medium\Archive\2026-03\20260302-204542-apple-developer.md","302","2026/3/6 14:12:47"
"D:\OpenClaw\workspace\41-medium\Archive\2026-03\20260302-204542-d416ec5b1151.md","286","2026/3/6 14:12:47"
"D:\OpenClaw\workspace\41-medium\Archive\2026-03\20260302-204542-e8c28df82e2d.md","286","2026/3/6 14:12:47"
"D:\OpenClaw\workspace\41-medium\Archive\2026-03\20260302-204542-f3b09b68beac.md","286","2026/3/6 14:12:47"
"D:\OpenClaw\workspace\41-medium\Archive\2026-03\20260302-204542-netflix-techblog.md","306","2026/3/6 14:12:47"
"D:\OpenClaw\workspace\41-medium\Archive\2026-03\20260302-205051-aws-architecture-cloud.md","330","2026/3/6 14:12:47"
"D:\OpenClaw\workspace\41-medium\Archive\2026-03\20260302-205232-61a538d717a9.md","286","2026/3/6 14:12:47"
"D:\OpenClaw\workspace\41-medium\Archive\2026-03\20260302-205232-kubernetes-blog.md","294","2026/3/6 14:12:47"
"D:\OpenClaw\workspace\41-medium\Archive\2026-03\20260302-205450-37afb7a6b26c.md","286","2026/3/6 14:12:47"
"D:\OpenClaw\workspace\41-medium\Archive\2026-03\20260302-205450-58c2cfeb6747.md","286","2026/3/6 14:12:47"
"D:\OpenClaw\workspace\41-medium\Archive\2026-03\20260302-205450-5c8f2f921269.md","286","2026/3/6 14:12:47"
"D:\OpenClaw\workspace\41-medium\Archive\2026-03\20260302-205450-6edf69f9bf1b.md","286","2026/3/6 14:12:47"
"D:\OpenClaw\workspace\41-medium\Archive\2026-03\20260302-205450-8cdd24decf41.md","286","2026/3/6 14:12:47"
"D:\OpenClaw\workspace\41-medium\Archive\2026-03\20260302-205450-aac387e10cb6.md","286","2026/3/6 14:12:47"
"D:\OpenClaw\workspace\41-medium\Archive\2026-03\20260302-205450-e7866ba5ff04.md","286","2026/3/6 14:12:47"
"D:\OpenClaw\workspace\41-medium\Archive\2026-03\20260302-205450-eda0dcc88489.md","286","2026/3/6 14:12:47"
"D:\OpenClaw\workspace\41-medium\Archive\2026-03\20260302-205450-f8333008ce9e.md","286","2026/3/6 14:12:47"
"D:\OpenClaw\workspace\41-medium\Archive\2026-03\20260302-205450-the-future-of-bosplan-ai-6edf69f9bf1b.md","386","2026/3/6 14:12:47"
"D:\OpenClaw\workspace\41-medium\Archive\2026-03\20260302-205801-3ab5d0c2a203.md","286","2026/3/6 14:12:47"
"D:\OpenClaw\workspace\41-medium\Archive\2026-03\20260302-205801-918239017060.md","286","2026/3/6 14:12:47"
"D:\OpenClaw\workspace\41-medium\Archive\2026-03\20260302-205801-9ffe106ed9e8.md","286","2026/3/6 14:12:47"
"D:\OpenClaw\workspace\41-medium\Archive\2026-03\20260302-205801-acf6afdd147a.md","286","2026/3/6 14:12:47"
"D:\OpenClaw\workspace\41-medium\Archive\2026-03\20260302-205801-b91a85227e0a.md","286","2026/3/6 14:12:47"
"D:\OpenClaw\workspace\41-medium\Archive\2026-03\20260302-205801-c584ec106c84.md","286","2026/3/6 14:12:47"
"D:\OpenClaw\workspace\41-medium\Archive\2026-03\20260302-205801-ffbd3cd9ec32.md","286","2026/3/6 14:12:47"
"D:\OpenClaw\workspace\41-medium\Archive\2026-03\20260302-212937-2414b3f78b0c.md","286","2026/3/6 14:12:47"
"D:\OpenClaw\workspace\41-medium\Archive\2026-03\20260302-212937-2ada223dcdb9.md","286","2026/3/6 14:12:47"
"D:\OpenClaw\workspace\41-medium\Archive\2026-03\20260302-212937-61e6ccdbf2a6.md","286","2026/3/6 14:12:47"
"D:\OpenClaw\workspace\41-medium\Archive\2026-03\20260302-212937-84bc6debc315.md","286","2026/3/6 14:12:47"
"D:\OpenClaw\workspace\41-medium\Archive\2026-03\20260302-212937-89478041f9ed.md","286","2026/3/6 14:12:47"
"D:\OpenClaw\workspace\41-medium\Archive\2026-03\20260302-212937-938b3d2fec2d.md","286","2026/3/6 14:12:47"
"D:\OpenClaw\workspace\41-medium\Archive\2026-03\20260302-212937-ai-world-to-be-or-not-to-be-938b3d2fec2d.md","396","2026/3/6 14:12:47"
"D:\OpenClaw\workspace\41-medium\Archive\2026-03\20260302-212937-b4e4c71dd3eb.md","286","2026/3/6 14:12:47"
"D:\OpenClaw\workspace\41-medium\Archive\2026-03\20260302-212937-ec7de71a6070.md","286","2026/3/6 14:12:47"
"D:\OpenClaw\workspace\41-medium\Archive\2026-03\20260302-214225-0cbac940252b.md","286","2026/3/6 14:12:47"
"D:\OpenClaw\workspace\41-medium\Archive\2026-03\20260302-214225-5de4539c80a9.md","286","2026/3/6 14:12:47"
"D:\OpenClaw\workspace\41-medium\Archive\2026-03\20260302-214225-6284265589eb.md","286","2026/3/6 14:12:47"
"D:\OpenClaw\workspace\41-medium\Archive\2026-03\20260302-214225-7a0bf1ed74d5.md","286","2026/3/6 14:12:47"
"D:\OpenClaw\workspace\41-medium\Archive\2026-03\20260302-214225-c1c6ae2daa16.md","286","2026/3/6 14:12:47"
"D:\OpenClaw\workspace\41-medium\Archive\2026-03\20260302-214225-c72f1989c75f.md","286","2026/3/6 14:12:47"
"D:\OpenClaw\workspace\41-medium\Archive\2026-03\20260302-214225-caf0a7f45d22.md","286","2026/3/6 14:12:47"
"D:\OpenClaw\workspace\41-medium\Archive\2026-03\20260302-214225-e727cf93e202.md","286","2026/3/6 14:12:47"
"D:\OpenClaw\workspace\41-medium\Archive\2026-03\20260302-215027-3d8ef2ccecde.md","286","2026/3/6 14:12:47"
"D:\OpenClaw\workspace\41-medium\Archive\2026-03\20260302-215027-63923d156854.md","286","2026/3/6 14:12:47"
"D:\OpenClaw\workspace\41-medium\Archive\2026-03\20260302-221052-11d1d6be8d9d.md","286","2026/3/6 14:12:47"
"D:\OpenClaw\workspace\41-medium\Archive\2026-03\20260302-221052-4890b0965d15.md","286","2026/3/6 14:12:47"
"D:\OpenClaw\workspace\41-medium\Archive\2026-03\20260302-221052-52a11e56ddbf.md","286","2026/3/6 14:12:47"
"D:\OpenClaw\workspace\41-medium\Archive\2026-03\20260302-221052-56fb0514f5ec.md","286","2026/3/6 14:12:47"
"D:\OpenClaw\workspace\41-medium\Archive\2026-03\20260302-221052-74048c0c7d3c.md","286","2026/3/6 14:12:47"
"D:\OpenClaw\workspace\41-medium\Archive\2026-03\20260302-221052-7bf0a8111537.md","286","2026/3/6 14:12:47"
"D:\OpenClaw\workspace\41-medium\Archive\2026-03\20260302-221052-90cea39e5b3b.md","286","2026/3/6 14:12:47"
"D:\OpenClaw\workspace\41-medium\Archive\2026-03\20260302-221052-e810b729ecf2.md","286","2026/3/6 14:12:47"
"D:\OpenClaw\workspace\41-medium\Archive\2026-03\20260302-221052-just-a-guy-56fb0514f5ec.md","356","2026/3/6 14:12:47"
"D:\OpenClaw\workspace\41-medium\Archive\2026-03\20260302-221859-05b2666435de.md","286","2026/3/6 14:12:47"
"D:\OpenClaw\workspace\41-medium\Archive\2026-03\20260302-221859-cddcbae520ad.md","286","2026/3/6 14:12:47"
"D:\OpenClaw\workspace\41-medium\Archive\2026-03\20260302-224155-1b22b995efeb.md","286","2026/3/6 14:12:47"
"D:\OpenClaw\workspace\41-medium\Archive\2026-03\20260302-224155-2676338f6682.md","286","2026/3/6 14:12:47"
"D:\OpenClaw\workspace\41-medium\Archive\2026-03\20260302-224155-35a4315fff5e.md","286","2026/3/6 14:12:47"
"D:\OpenClaw\workspace\41-medium\Archive\2026-03\20260302-224155-7a73302d86a3.md","286","2026/3/6 14:12:47"
"D:\OpenClaw\workspace\41-medium\Archive\2026-03\20260302-224155-86363e55e57f.md","286","2026/3/6 14:12:47"
"D:\OpenClaw\workspace\41-medium\Archive\2026-03\20260302-224155-8bfe40e3a93e.md","286","2026/3/6 14:12:47"
"D:\OpenClaw\workspace\41-medium\Archive\2026-03\20260302-224155-98a713ca6477.md","286","2026/3/6 14:12:47"
"D:\OpenClaw\workspace\41-medium\Archive\2026-03\20260302-224155-efa68d72c9d9.md","286","2026/3/6 14:12:47"
"D:\OpenClaw\workspace\41-medium\Archive\2026-03\20260302-225015-5d6ca30afe8c.md","286","2026/3/6 14:12:47"
"D:\OpenClaw\workspace\41-medium\Archive\2026-03\20260302-225015-ee6458e685fa.md","286","2026/3/6 14:12:47"
"D:\OpenClaw\workspace\41-medium\Archive\2026-03\20260302-225518-c1ba9cc97ffe.md","294","2026/3/6 14:12:47"
"D:\OpenClaw\workspace\41-medium\Archive\2026-03\20260302-225518-jolla-phone-sept-26.md","370","2026/3/6 14:12:47"
"D:\OpenClaw\workspace\41-medium\Archive\2026-03\20260302-225518-libxml2-ee.md","370","2026/3/6 14:12:47"
"D:\OpenClaw\workspace\41-medium\Archive\2026-03\20260302-225518-omni.md","376","2026/3/6 14:12:47"
"D:\OpenClaw\workspace\41-medium\Archive\2026-03\20260302-225533-0a65a1f02510.md","286","2026/3/6 14:12:47"
"D:\OpenClaw\workspace\41-medium\Archive\2026-03\20260302-225533-0cb69528d56f.md","286","2026/3/6 14:12:47"
"D:\OpenClaw\workspace\41-medium\Archive\2026-03\20260302-225533-1b446e217bec.md","286","2026/3/6 14:12:47"
"D:\OpenClaw\workspace\41-medium\Archive\2026-03\20260302-225533-69baef1361fd.md","286","2026/3/6 14:12:47"
"D:\OpenClaw\workspace\41-medium\Archive\2026-03\20260302-225533-a601e68bb542.md","286","2026/3/6 14:12:47"
"D:\OpenClaw\workspace\41-medium\Archive\2026-03\20260302-225533-ad196b25eb65.md","286","2026/3/6 14:12:47"
"D:\OpenClaw\workspace\41-medium\Archive\2026-03\20260302-225533-c73ada9721e8.md","286","2026/3/6 14:12:47"
"D:\OpenClaw\workspace\41-medium\Archive\2026-03\20260302-230525-3153df943846.md","286","2026/3/6 14:12:47"
"D:\OpenClaw\workspace\41-medium\Archive\2026-03\20260302-230525-ea3ff9781877.md","286","2026/3/6 14:12:47"
"D:\OpenClaw\workspace\41-medium\Archive\2026-03\20260302-231036-12a6ad30e142.md","286","2026/3/6 14:12:47"
"D:\OpenClaw\workspace\41-medium\Archive\2026-03\20260302-231036-3be0349bc21a.md","286","2026/3/6 14:12:47"
"D:\OpenClaw\workspace\41-medium\Archive\2026-03\20260302-231036-3e43d04b31be.md","286","2026/3/6 14:12:47"
"D:\OpenClaw\workspace\41-medium\Archive\2026-03\20260302-231036-6b79f74048be.md","286","2026/3/6 14:12:47"
"D:\OpenClaw\workspace\41-medium\Archive\2026-03\20260302-231036-7ad2f285d4e5.md","286","2026/3/6 14:12:47"
"D:\OpenClaw\workspace\41-medium\Archive\2026-03\20260302-231036-e3a4cabae7f6.md","286","2026/3/6 14:12:47"
"D:\OpenClaw\workspace\41-medium\Archive\2026-03\20260302-231036-e92aed68045e.md","286","2026/3/6 14:12:47"
"D:\OpenClaw\workspace\41-medium\Archive\2026-03\20260302-231036-fa1b4ba6dc6b.md","286","2026/3/6 14:12:47"
"D:\OpenClaw\workspace\41-medium\Archive\2026-03\20260302-231946-0da0a035ecfe.md","286","2026/3/6 14:12:47"
"D:\OpenClaw\workspace\41-medium\Archive\2026-03\20260302-231946-d7ce74caabfe.md","286","2026/3/6 14:12:47"
"D:\OpenClaw\workspace\41-medium\Archive\2026-03\20260302-232454-14dd1ae6d1c2.md","286","2026/3/6 14:12:47"
"D:\OpenClaw\workspace\41-medium\Archive\2026-03\20260302-232454-393becb64198.md","286","2026/3/6 14:12:47"
"D:\OpenClaw\workspace\41-medium\Archive\2026-03\20260302-232454-67bf1682b0a1.md","286","2026/3/6 14:12:47"
"D:\OpenClaw\workspace\41-medium\Archive\2026-03\20260302-232454-714e0702ff53.md","286","2026/3/6 14:12:47"
"D:\OpenClaw\workspace\41-medium\Archive\2026-03\20260302-232454-87d847f588cf.md","286","2026/3/6 14:12:47"
"D:\OpenClaw\workspace\41-medium\Archive\2026-03\20260302-232454-cde2242be508.md","286","2026/3/6 14:12:47"
"D:\OpenClaw\workspace\41-medium\Archive\2026-03\20260302-232454-de184279dc8b.md","286","2026/3/6 14:12:47"
"D:\OpenClaw\workspace\41-medium\Archive\2026-03\20260302-232454-f381ce907f47.md","286","2026/3/6 14:12:47"
"D:\OpenClaw\workspace\41-medium\Archive\2026-03\20260302-233258-4570c97ca656.md","286","2026/3/6 14:12:47"
"D:\OpenClaw\workspace\41-medium\Archive\2026-03\20260302-235506-00de37a8c93b.md","286","2026/3/6 14:12:47"
"D:\OpenClaw\workspace\41-medium\Archive\2026-03\20260302-235506-00fa36f33a84.md","286","2026/3/6 14:12:47"
"D:\OpenClaw\workspace\41-medium\Archive\2026-03\20260302-235506-32be36ef3a74.md","286","2026/3/6 14:12:47"
"D:\OpenClaw\workspace\41-medium\Archive\2026-03\20260302-235506-50e5e26a86a9.md","286","2026/3/6 14:12:47"
"D:\OpenClaw\workspace\41-medium\Archive\2026-03\20260302-235506-553d26613909.md","286","2026/3/6 14:12:47"
"D:\OpenClaw\workspace\41-medium\Archive\2026-03\20260302-235506-56a2879feab3.md","286","2026/3/6 14:12:47"
"D:\OpenClaw\workspace\41-medium\Archive\2026-03\20260302-235506-656e99bd5522.md","286","2026/3/6 14:12:47"
"D:\OpenClaw\workspace\41-medium\Archive\2026-03\20260302-235506-d7ae8abf40ac.md","286","2026/3/6 14:12:47"
"D:\OpenClaw\workspace\41-medium\Archive\2026-03\20260302-235506-debae861dde2.md","286","2026/3/6 14:12:47"
"D:\OpenClaw\workspace\41-medium\Archive\2026-03\20260302-235506-girl-in-the-midst-32be36ef3a74.md","514","2026/3/6 23:34:50"
"D:\OpenClaw\workspace\41-medium\Archive\2026-03\20260303-000947-0b2da814fe2e.md","286","2026/3/6 14:12:47"
"D:\OpenClaw\workspace\41-medium\Archive\2026-03\20260303-000947-43f88b3a2000.md","286","2026/3/6 14:12:47"
"D:\OpenClaw\workspace\41-medium\Archive\2026-03\20260303-000947-ac2d3a72c6fe.md","286","2026/3/6 14:12:47"
"D:\OpenClaw\workspace\41-medium\Archive\2026-03\20260303-000947-b335109fd74f.md","286","2026/3/6 14:12:47"
"D:\OpenClaw\workspace\41-medium\Archive\2026-03\20260303-000947-ba29aca14a5e.md","286","2026/3/6 14:12:47"
"D:\OpenClaw\workspace\41-medium\Archive\2026-03\20260303-000947-c23d651819ed.md","286","2026/3/6 14:12:47"
"D:\OpenClaw\workspace\41-medium\Archive\2026-03\20260303-000947-c73e061b37d3.md","286","2026/3/6 14:12:47"
"D:\OpenClaw\workspace\41-medium\Archive\2026-03\20260303-000947-e026d4a93f03.md","286","2026/3/6 14:12:47"
"D:\OpenClaw\workspace\41-medium\Archive\2026-03\20260303-000947-f7accb939a70.md","286","2026/3/6 14:12:47"
"D:\OpenClaw\workspace\41-medium\Archive\2026-03\20260303-000947-getting-started-with-codex-cli-0b2da814fe2e.md","396","2026/3/6 14:12:47"
"D:\OpenClaw\workspace\41-medium\Archive\2026-03\20260303-001907-1bc98556350d.md","286","2026/3/6 14:12:47"
"D:\OpenClaw\workspace\41-medium\Archive\2026-03\20260303-001907-c51b27625179.md","286","2026/3/6 14:12:47"
"D:\OpenClaw\workspace\41-medium\Archive\2026-03\20260303-002417-293de31e6c96.md","286","2026/3/6 14:12:47"
"D:\OpenClaw\workspace\41-medium\Archive\2026-03\20260303-002417-3d510521f11a.md","286","2026/3/6 14:12:47"
"D:\OpenClaw\workspace\41-medium\Archive\2026-03\20260303-002417-5f2ebf2851de.md","286","2026/3/6 14:12:47"
"D:\OpenClaw\workspace\41-medium\Archive\2026-03\20260303-002417-6591aae904f0.md","286","2026/3/6 14:12:47"
"D:\OpenClaw\workspace\41-medium\Archive\2026-03\20260303-002417-7e3193c83d27.md","286","2026/3/6 14:12:47"
"D:\OpenClaw\workspace\41-medium\Archive\2026-03\20260303-002417-883dc6612ff7.md","286","2026/3/6 14:12:47"
"D:\OpenClaw\workspace\41-medium\Archive\2026-03\20260303-002417-8d07f5038847.md","286","2026/3/6 14:12:47"
"D:\OpenClaw\workspace\41-medium\Archive\2026-03\20260303-002417-f03334369edb.md","286","2026/3/6 14:12:47"
"D:\OpenClaw\workspace\41-medium\Archive\2026-03\20260303-002417-fb7bfae0e30c.md","286","2026/3/6 14:12:47"
"D:\OpenClaw\workspace\41-medium\Archive\2026-03\20260303-003559-8b691572b565.md","286","2026/3/6 14:12:47"
"D:\OpenClaw\workspace\41-medium\Archive\2026-03\20260303-004107-2106d14d6618.md","286","2026/3/6 14:12:47"
"D:\OpenClaw\workspace\41-medium\Archive\2026-03\20260303-004107-536a7a9b1626.md","286","2026/3/6 14:12:47"
"D:\OpenClaw\workspace\41-medium\Archive\2026-03\20260303-004107-7d5b01d4b196.md","286","2026/3/6 14:12:47"
"D:\OpenClaw\workspace\41-medium\Archive\2026-03\20260303-004107-b3858e5465f4.md","286","2026/3/6 14:12:47"
"D:\OpenClaw\workspace\41-medium\Archive\2026-03\20260303-004107-b44b2f4bb289.md","286","2026/3/6 14:12:47"
"D:\OpenClaw\workspace\41-medium\Archive\2026-03\20260303-004107-c3efec6492da.md","286","2026/3/6 14:12:47"
"D:\OpenClaw\workspace\41-medium\Archive\2026-03\20260303-004107-c8f75bd68838.md","286","2026/3/6 14:12:47"
"D:\OpenClaw\workspace\41-medium\Archive\2026-03\20260303-004107-fa0b379c3b9a.md","286","2026/3/6 14:12:47"
"D:\OpenClaw\workspace\41-medium\Archive\2026-03\20260303-004107-fc60c172308b.md","286","2026/3/6 14:12:47"
"D:\OpenClaw\workspace\41-medium\Archive\2026-03\20260303-005008-5ab1704fcc95.md","286","2026/3/6 14:12:47"
"D:\OpenClaw\workspace\41-medium\Archive\2026-03\20260303-005516-47d7fba27552.md","286","2026/3/6 14:12:47"
"D:\OpenClaw\workspace\41-medium\Archive\2026-03\20260303-005516-5a5e26b6a16b.md","286","2026/3/6 14:12:47"
"D:\OpenClaw\workspace\41-medium\Archive\2026-03\20260303-005516-5b51ae2a4f86.md","286","2026/3/6 14:12:47"
"D:\OpenClaw\workspace\41-medium\Archive\2026-03\20260303-005516-7a0f7add81b8.md","286","2026/3/6 14:12:47"
"D:\OpenClaw\workspace\41-medium\Archive\2026-03\20260303-005516-88fbdabadbe4.md","286","2026/3/6 14:12:47"
"D:\OpenClaw\workspace\41-medium\Archive\2026-03\20260303-005516-b25b817ffbe6.md","286","2026/3/6 14:12:47"
"D:\OpenClaw\workspace\41-medium\Archive\2026-03\20260303-005516-c92ae4cf3e25.md","286","2026/3/6 14:12:47"
"D:\OpenClaw\workspace\41-medium\Archive\2026-03\20260303-005516-e3f25a4fc0ad.md","286","2026/3/6 14:12:47"
"D:\OpenClaw\workspace\41-medium\Archive\2026-03\20260303-005516-make-lying-wrong-again-88fbdabadbe4.md","398","2026/3/6 14:12:47"
"D:\OpenClaw\workspace\41-medium\Archive\2026-03\20260303-005516-why-will-openai-go-bankrupt-c92ae4cf3e25.md","396","2026/3/6 14:12:47"
"D:\OpenClaw\workspace\41-medium\Archive\2026-03\20260303-010340-49374d5bd4a9.md","286","2026/3/6 14:12:47"
"D:\OpenClaw\workspace\41-medium\Archive\2026-03\20260303-010340-f5276814e726.md","286","2026/3/6 14:12:47"
"D:\OpenClaw\workspace\41-medium\Archive\2026-03\20260303-010851-0228ac56c180.md","286","2026/3/6 14:12:47"
"D:\OpenClaw\workspace\41-medium\Archive\2026-03\20260303-010851-22ceb2549387.md","286","2026/3/6 14:12:47"
"D:\OpenClaw\workspace\41-medium\Archive\2026-03\20260303-010851-473ca57607ee.md","286","2026/3/6 14:12:47"
"D:\OpenClaw\workspace\41-medium\Archive\2026-03\20260303-010851-5a62345a0714.md","286","2026/3/6 14:12:47"
"D:\OpenClaw\workspace\41-medium\Archive\2026-03\20260303-010851-9e9a411a2176.md","286","2026/3/6 14:12:47"
"D:\OpenClaw\workspace\41-medium\Archive\2026-03\20260303-010851-a7d0a005b783.md","286","2026/3/6 14:12:47"
"D:\OpenClaw\workspace\41-medium\Archive\2026-03\20260303-010851-ae7074d1a265.md","286","2026/3/6 14:12:47"
"D:\OpenClaw\workspace\41-medium\Archive\2026-03\20260303-010851-b39625525479.md","286","2026/3/6 14:12:47"
"D:\OpenClaw\workspace\41-medium\Archive\2026-03\20260303-010851-the-modeling-asymmetry-ae7074d1a265.md","388","2026/3/6 14:12:47"
"D:\OpenClaw\workspace\41-medium\Archive\2026-03\20260303-011827-33ad2a7210b0.md","286","2026/3/6 14:12:47"
"D:\OpenClaw\workspace\41-medium\Archive\2026-03\20260303-011827-b0eea4d0eb3d.md","286","2026/3/6 14:12:47"
"D:\OpenClaw\workspace\41-medium\Archive\2026-03\20260303-012841-a2e7c2d23aeb.md","286","2026/3/6 14:12:47"
"D:\OpenClaw\workspace\41-medium\Archive\2026-03\20260303-014804-27ec24027101.md","286","2026/3/6 14:12:47"
"D:\OpenClaw\workspace\41-medium\Archive\2026-03\20260303-014804-29a6a6a09f0b.md","286","2026/3/6 14:12:47"
"D:\OpenClaw\workspace\41-medium\Archive\2026-03\20260303-014804-333df5122b6a.md","286","2026/3/6 14:12:47"
"D:\OpenClaw\workspace\41-medium\Archive\2026-03\20260303-014804-382bcd2fc6d6.md","286","2026/3/6 14:12:47"
"D:\OpenClaw\workspace\41-medium\Archive\2026-03\20260303-014804-7a94ce37a818.md","286","2026/3/6 14:12:47"
"D:\OpenClaw\workspace\41-medium\Archive\2026-03\20260303-014804-7fdbd75e3100.md","286","2026/3/6 14:12:47"
"D:\OpenClaw\workspace\41-medium\Archive\2026-03\20260303-014804-833bb1a51f23.md","286","2026/3/6 14:12:47"
"D:\OpenClaw\workspace\41-medium\Archive\2026-03\20260303-014804-8af2eba76338.md","286","2026/3/6 14:12:47"
"D:\OpenClaw\workspace\41-medium\Archive\2026-03\20260303-014804-9520af4d792e.md","286","2026/3/6 14:12:47"
"D:\OpenClaw\workspace\41-medium\Archive\2026-03\20260303-014804-c4c70a0b5d72.md","286","2026/3/6 14:12:47"
"D:\OpenClaw\workspace\41-medium\Archive\2026-03\20260303-020802-7e618b2c4eb3.md","286","2026/3/6 14:12:47"
"D:\OpenClaw\workspace\41-medium\Archive\2026-03\20260303-020802-880a9f5042df.md","286","2026/3/6 14:12:47"
"D:\OpenClaw\workspace\41-medium\Archive\2026-03\20260303-020803-21afadd3b333.md","286","2026/3/6 14:12:47"
"D:\OpenClaw\workspace\41-medium\Archive\2026-03\20260303-020803-7ffc0b78cc57.md","286","2026/3/6 14:12:47"
"D:\OpenClaw\workspace\41-medium\Archive\2026-03\20260303-020803-f016f95ee0cc.md","286","2026/3/6 14:12:47"
"D:\OpenClaw\workspace\41-medium\Archive\2026-03\20260303-020803-faf523dddec0.md","286","2026/3/6 14:12:47"
"D:\OpenClaw\workspace\41-medium\Archive\2026-03\20260303-021753-3f44211bf3db.md","286","2026/3/6 14:12:47"
"D:\OpenClaw\workspace\41-medium\Archive\2026-03\20260303-021753-46f4478cfdae.md","286","2026/3/6 14:12:47"
"D:\OpenClaw\workspace\41-medium\Archive\2026-03\20260303-021753-6d08bbf36264.md","286","2026/3/6 14:12:47"
"D:\OpenClaw\workspace\41-medium\Archive\2026-03\20260303-021753-798d1f82d15f.md","286","2026/3/6 14:12:47"
"D:\OpenClaw\workspace\41-medium\Archive\2026-03\20260303-021753-90cceb6c9ed6.md","286","2026/3/6 14:12:47"
"D:\OpenClaw\workspace\41-medium\Archive\2026-03\20260303-021753-d1664d7e5fbe.md","286","2026/3/6 14:12:47"
"D:\OpenClaw\workspace\41-medium\Archive\2026-03\20260303-023829-244e67d90d3a.md","286","2026/3/6 14:12:47"
"D:\OpenClaw\workspace\41-medium\Archive\2026-03\20260303-023829-6763794eb0a4.md","286","2026/3/6 14:12:47"
"D:\OpenClaw\workspace\41-medium\Archive\2026-03\20260303-023829-71932f7bc3b9.md","286","2026/3/6 14:12:47"
"D:\OpenClaw\workspace\41-medium\Archive\2026-03\20260303-023829-75c9102ccf35.md","286","2026/3/6 14:12:47"
"D:\OpenClaw\workspace\41-medium\Archive\2026-03\20260303-023829-7a5ed34fcbb3.md","286","2026/3/6 14:12:47"
"D:\OpenClaw\workspace\41-medium\Archive\2026-03\20260303-023829-a7377abea09c.md","286","2026/3/6 14:12:47"
"D:\OpenClaw\workspace\41-medium\Archive\2026-03\20260303-023829-ad6feae041ee.md","286","2026/3/6 14:12:47"
"D:\OpenClaw\workspace\41-medium\Archive\2026-03\20260303-023829-dd09dc3af42f.md","286","2026/3/6 14:12:47"
"D:\OpenClaw\workspace\41-medium\Archive\2026-03\20260303-023829-ed8dae548d86.md","286","2026/3/6 14:12:47"
"D:\OpenClaw\workspace\41-medium\Archive\2026-03\20260303-023829-fb52137b4edb.md","286","2026/3/6 14:12:47"
"D:\OpenClaw\workspace\41-medium\Archive\2026-03\20260303-024339-35be852bb3a5.md","286","2026/3/6 14:12:47"
"D:\OpenClaw\workspace\41-medium\Archive\2026-03\20260303-024339-9f065bc5d96a.md","286","2026/3/6 14:12:47"
"D:\OpenClaw\workspace\41-medium\Archive\2026-03\20260303-024339-a3a484b2d6ff.md","286","2026/3/6 14:12:47"
"D:\OpenClaw\workspace\41-medium\Archive\2026-03\20260303-024339-ac3e822dbfe9.md","286","2026/3/6 14:12:47"
"D:\OpenClaw\workspace\41-medium\Archive\2026-03\20260303-024339-b07a86cda4c5.md","286","2026/3/6 14:12:47"
"D:\OpenClaw\workspace\41-medium\Archive\2026-03\20260303-024339-b6336b29aaa4.md","286","2026/3/6 14:12:47"
"D:\OpenClaw\workspace\41-medium\Archive\2026-03\20260303-024339-b8ec4567f3c9.md","286","2026/3/6 14:12:47"
"D:\OpenClaw\workspace\41-medium\Archive\2026-03\20260303-024339-bfa1c0db0752.md","286","2026/3/6 14:12:47"
"D:\OpenClaw\workspace\41-medium\Archive\2026-03\20260303-025335-1f721b317428.md","286","2026/3/6 14:12:47"
"D:\OpenClaw\workspace\41-medium\Archive\2026-03\20260303-025335-a6ea8645cfd4.md","286","2026/3/6 14:12:47"
"D:\OpenClaw\workspace\41-medium\Archive\2026-03\20260303-025845-0b4274be8acf.md","286","2026/3/6 14:12:47"
"D:\OpenClaw\workspace\41-medium\Archive\2026-03\20260303-025845-175e4761fe0f.md","286","2026/3/6 14:12:47"
"D:\OpenClaw\workspace\41-medium\Archive\2026-03\20260303-025845-19edb6e7ef84.md","286","2026/3/6 14:12:47"
"D:\OpenClaw\workspace\41-medium\Archive\2026-03\20260303-025845-2286b4e57520.md","286","2026/3/6 14:12:47"
"D:\OpenClaw\workspace\41-medium\Archive\2026-03\20260303-025845-76ea0572d310.md","286","2026/3/6 14:12:47"
"D:\OpenClaw\workspace\41-medium\Archive\2026-03\20260303-025845-7cc3928df2ae.md","286","2026/3/6 14:12:47"
"D:\OpenClaw\workspace\41-medium\Archive\2026-03\20260303-025845-f68f4ec63d02.md","286","2026/3/6 14:12:47"
"D:\OpenClaw\workspace\41-medium\Archive\2026-03\20260303-025845-msxai-0b4274be8acf.md","338","2026/3/6 14:12:47"
"D:\OpenClaw\workspace\41-medium\Archive\2026-03\20260303-030843-2fa0e9cc301c.md","286","2026/3/6 14:12:47"
"D:\OpenClaw\workspace\41-medium\Archive\2026-03\20260303-030843-6928ba263943.md","286","2026/3/6 14:12:47"
"D:\OpenClaw\workspace\41-medium\Archive\2026-03\20260303-030843-6b700e35eb48.md","286","2026/3/6 14:12:47"
"D:\OpenClaw\workspace\41-medium\Archive\2026-03\20260303-031646-291bdb333aa1.md","286","2026/3/6 14:12:47"
"D:\OpenClaw\workspace\41-medium\Archive\2026-03\20260303-031646-619a6f49f1da.md","286","2026/3/6 14:12:47"
"D:\OpenClaw\workspace\41-medium\Archive\2026-03\20260303-031646-821dd12838b9.md","286","2026/3/6 14:12:47"
"D:\OpenClaw\workspace\41-medium\Archive\2026-03\20260303-031646-aae8b966fd85.md","286","2026/3/6 14:12:47"
"D:\OpenClaw\workspace\41-medium\Archive\2026-03\20260303-031646-bbdc1bf5190b.md","286","2026/3/6 14:12:47"
"D:\OpenClaw\workspace\41-medium\Archive\2026-03\20260303-031646-be535a1dc099.md","286","2026/3/6 14:12:47"
"D:\OpenClaw\workspace\41-medium\Archive\2026-03\20260303-031646-c3be382e7816.md","286","2026/3/6 14:12:47"
"D:\OpenClaw\workspace\41-medium\Archive\2026-03\20260303-031646-c6944f3bdec3.md","286","2026/3/6 14:12:47"
"D:\OpenClaw\workspace\41-medium\Archive\2026-03\20260303-031646-faaa29c1b574.md","286","2026/3/6 14:12:47"
"D:\OpenClaw\workspace\41-medium\Archive\2026-03\20260303-032930-0531989a5653.md","286","2026/3/6 14:12:47"
"D:\OpenClaw\workspace\41-medium\Archive\2026-03\20260303-032930-1110e58e1b14.md","286","2026/3/6 14:12:47"
"D:\OpenClaw\workspace\41-medium\Archive\2026-03\20260303-032930-1f9c874cbbd2.md","286","2026/3/6 14:12:47"
"D:\OpenClaw\workspace\41-medium\Archive\2026-03\20260303-032930-39ef0961669f.md","286","2026/3/6 14:12:47"
"D:\OpenClaw\workspace\41-medium\Archive\2026-03\20260303-032930-94862447c986.md","286","2026/3/6 14:12:47"
"D:\OpenClaw\workspace\41-medium\Archive\2026-03\20260303-032930-9dc45522b271.md","286","2026/3/6 14:12:47"
"D:\OpenClaw\workspace\41-medium\Archive\2026-03\20260303-032930-b1376cd9a3b8.md","286","2026/3/6 14:12:47"
"D:\OpenClaw\workspace\41-medium\Archive\2026-03\20260303-032930-d7096cc1fd87.md","286","2026/3/6 14:12:47"
"D:\OpenClaw\workspace\41-medium\Archive\2026-03\20260303-032930-f358938df0e9.md","286","2026/3/6 14:12:47"
"D:\OpenClaw\workspace\41-medium\Archive\2026-03\20260303-033718-29834166885e.md","286","2026/3/6 14:12:47"
"D:\OpenClaw\workspace\41-medium\Archive\2026-03\20260303-034225-0af0f34e2ef9.md","286","2026/3/6 14:12:47"
"D:\OpenClaw\workspace\41-medium\Archive\2026-03\20260303-034225-1bab28911577.md","286","2026/3/6 14:12:47"
"D:\OpenClaw\workspace\41-medium\Archive\2026-03\20260303-034225-3e0c0cd6d71b.md","286","2026/3/6 14:12:47"
"D:\OpenClaw\workspace\41-medium\Archive\2026-03\20260303-034225-5c4f515edf94.md","286","2026/3/6 14:12:47"
"D:\OpenClaw\workspace\41-medium\Archive\2026-03\20260303-034225-63c1593a8ea0.md","286","2026/3/6 14:12:47"
"D:\OpenClaw\workspace\41-medium\Archive\2026-03\20260303-034225-a90989686bae.md","286","2026/3/6 14:12:47"
"D:\OpenClaw\workspace\41-medium\Archive\2026-03\20260303-034225-b2d6418d3ed1.md","286","2026/3/6 14:12:47"
"D:\OpenClaw\workspace\41-medium\Archive\2026-03\20260303-034225-c0051c901854.md","286","2026/3/6 14:12:47"
"D:\OpenClaw\workspace\41-medium\Archive\2026-03\20260303-035525-4799f1825e1d.md","286","2026/3/6 14:12:47"
"D:\OpenClaw\workspace\41-medium\Archive\2026-03\20260303-035525-82cd45fc310b.md","286","2026/3/6 14:12:47"
"D:\OpenClaw\workspace\41-medium\Archive\2026-03\20260303-035525-b6db1f9c62ea.md","286","2026/3/6 14:12:47"
"D:\OpenClaw\workspace\41-medium\Archive\2026-03\20260303-035525-b9390adb1ed0.md","286","2026/3/6 14:12:47"
"D:\OpenClaw\workspace\41-medium\Archive\2026-03\20260303-035525-bd9bc6fdd2fe.md","286","2026/3/6 14:12:47"
"D:\OpenClaw\workspace\41-medium\Archive\2026-03\20260303-035525-bhhhhhhhhhj-c5a9107f8648.md","358","2026/3/6 14:12:47"
"D:\OpenClaw\workspace\41-medium\Archive\2026-03\20260303-035525-c5a9107f8648.md","286","2026/3/6 14:12:47"
"D:\OpenClaw\workspace\41-medium\Archive\2026-03\20260303-035525-da660b5763de.md","286","2026/3/6 14:12:47"
"D:\OpenClaw\workspace\41-medium\Archive\2026-03\20260303-035525-guilt-as-gravity-82cd45fc310b.md","368","2026/3/6 14:12:47"
"D:\OpenClaw\workspace\41-medium\Archive\2026-03\20260303-035525-the-four-body-drift-inside-b9390adb1ed0.md","390","2026/3/6 14:12:47"
"D:\OpenClaw\workspace\41-medium\Archive\2026-03\20260303-040330-12d75ef7ea74.md","286","2026/3/6 14:12:47"
"D:\OpenClaw\workspace\41-medium\Archive\2026-03\20260303-040330-93a0f7bd2131.md","286","2026/3/6 14:12:47"
"D:\OpenClaw\workspace\41-medium\Archive\2026-03\20260303-041930-1be60bd769f9.md","286","2026/3/6 14:12:47"
"D:\OpenClaw\workspace\41-medium\Archive\2026-03\20260303-041930-553909785e44.md","286","2026/3/6 14:12:47"
"D:\OpenClaw\workspace\41-medium\Archive\2026-03\20260303-041930-618258d1ecba.md","286","2026/3/6 14:12:47"
"D:\OpenClaw\workspace\41-medium\Archive\2026-03\20260303-041930-6894485d79da.md","286","2026/3/6 14:12:47"
"D:\OpenClaw\workspace\41-medium\Archive\2026-03\20260303-041930-ce6796a1270b.md","286","2026/3/6 14:12:47"
"D:\OpenClaw\workspace\41-medium\Archive\2026-03\20260303-041930-d3de4f0f5dd1.md","286","2026/3/6 14:12:47"
"D:\OpenClaw\workspace\41-medium\Archive\2026-03\20260303-041930-e6ad4f30c987.md","286","2026/3/6 14:12:47"
"D:\OpenClaw\workspace\41-medium\Archive\2026-03\20260303-041930-ecf8339a55ba.md","286","2026/3/6 14:12:47"
"D:\OpenClaw\workspace\41-medium\Archive\2026-03\20260303-042736-36fd42058a6d.md","286","2026/3/6 14:12:47"
"D:\OpenClaw\workspace\41-medium\Archive\2026-03\20260303-042736-4dd5b759430e.md","286","2026/3/6 14:12:47"
"D:\OpenClaw\workspace\41-medium\Archive\2026-03\20260303-042736-84085c2ee1e9.md","286","2026/3/6 14:12:47"
"D:\OpenClaw\workspace\41-medium\Archive\2026-03\20260303-042736-b4f54a234cad.md","286","2026/3/6 14:12:47"
"D:\OpenClaw\workspace\41-medium\Archive\2026-03\20260303-042736-cea39336e8bc.md","286","2026/3/6 14:12:47"
"D:\OpenClaw\workspace\41-medium\Archive\2026-03\20260303-042736-the-patriots-500-error-b4f54a234cad.md","396","2026/3/6 14:12:47"
"D:\OpenClaw\workspace\41-medium\Archive\2026-03\20260303-044808-64f0ba49f8ee.md","286","2026/3/6 14:12:47"
"D:\OpenClaw\workspace\41-medium\Archive\2026-03\20260303-044808-6ea326cc9574.md","286","2026/3/6 14:12:47"
"D:\OpenClaw\workspace\41-medium\Archive\2026-03\20260303-044808-715cc5b3a0a7.md","286","2026/3/6 14:12:47"
"D:\OpenClaw\workspace\41-medium\Archive\2026-03\20260303-044808-742d01c17f1e.md","286","2026/3/6 14:12:47"
"D:\OpenClaw\workspace\41-medium\Archive\2026-03\20260303-044808-942ebaf8afc3.md","286","2026/3/6 14:12:47"
"D:\OpenClaw\workspace\41-medium\Archive\2026-03\20260303-044808-9e5963a496ea.md","286","2026/3/6 14:12:47"
"D:\OpenClaw\workspace\41-medium\Archive\2026-03\20260303-044808-a24ea7b1a279.md","286","2026/3/6 14:12:47"
"D:\OpenClaw\workspace\41-medium\Archive\2026-03\20260303-044808-f3ca40426c2a.md","286","2026/3/6 14:12:47"
"D:\OpenClaw\workspace\41-medium\Archive\2026-03\20260303-045602-33bdcf150993.md","286","2026/3/6 14:12:47"
"D:\OpenClaw\workspace\41-medium\Archive\2026-03\20260303-045602-a4959e687ef4.md","286","2026/3/6 14:12:47"
"D:\OpenClaw\workspace\41-medium\Archive\2026-03\20260303-045602-why-apy-is-the-most-misunderstood-metric-in-defi-3.md","438","2026/3/6 14:12:47"
"D:\OpenClaw\workspace\41-medium\Archive\2026-03\20260303-050339-2bcede3d0dbc.md","286","2026/3/6 14:12:47"
"D:\OpenClaw\workspace\41-medium\Archive\2026-03\20260303-050339-3596de0ae044.md","286","2026/3/6 14:12:47"
"D:\OpenClaw\workspace\41-medium\Archive\2026-03\20260303-050339-4132c20ca28a.md","286","2026/3/6 14:12:47"
"D:\OpenClaw\workspace\41-medium\Archive\2026-03\20260303-050339-98d008ccfa46.md","286","2026/3/6 14:12:47"
"D:\OpenClaw\workspace\41-medium\Archive\2026-03\20260303-050339-a5e5ac691c42.md","286","2026/3/6 14:12:47"
"D:\OpenClaw\workspace\41-medium\Archive\2026-03\20260303-050339-dar-um-cargo-pro-chatgpt-n%C3%A3o-basta-a-estrutur.md","568","2026/3/6 14:12:47"
"D:\OpenClaw\workspace\41-medium\Archive\2026-03\20260303-050339-darle-un-rol-a-chatgpt-no-sirve-de-nada-la-estruct.md","542","2026/3/6 14:12:47"
"D:\OpenClaw\workspace\41-medium\Archive\2026-03\20260303-050339-db215742e2a6.md","286","2026/3/6 14:12:47"
"D:\OpenClaw\workspace\41-medium\Archive\2026-03\20260303-050339-e80cc33c9585.md","286","2026/3/6 14:12:47"
"D:\OpenClaw\workspace\41-medium\Archive\2026-03\20260303-050339-how-to-find-someone-by-photo-8-free-methods-that-a.md","496","2026/3/6 14:12:47"
"D:\OpenClaw\workspace\41-medium\Archive\2026-03\20260303-050339-iso-27001-iso-42001-the-integration-cybersecurity-.md","494","2026/3/6 14:12:47"
"D:\OpenClaw\workspace\41-medium\Archive\2026-03\20260303-050339-penalizing-regressions-is-good-ridge-lasso-and-ela.md","464","2026/3/6 14:12:47"
"D:\OpenClaw\workspace\41-medium\Archive\2026-03\20260303-050339-preparation-for-the-world-where-ai-is-everywhere-9.md","452","2026/3/6 14:12:47"
"D:\OpenClaw\workspace\41-medium\Archive\2026-03\20260303-050339-why-your-rag-system-cant-actually-reason-and-what-.md","464","2026/3/6 14:12:47"
"D:\OpenClaw\workspace\41-medium\Archive\2026-03\20260303-051620-207a8bb8ef0b.md","286","2026/3/6 14:12:47"
"D:\OpenClaw\workspace\41-medium\Archive\2026-03\20260303-051620-27f47009060c.md","286","2026/3/6 14:12:47"
"D:\OpenClaw\workspace\41-medium\Archive\2026-03\20260303-051620-30c43abc54b8.md","286","2026/3/6 14:12:47"
"D:\OpenClaw\workspace\41-medium\Archive\2026-03\20260303-051620-510c2727ed4c.md","286","2026/3/6 14:12:47"
"D:\OpenClaw\workspace\41-medium\Archive\2026-03\20260303-051620-5c16d5eb677c.md","286","2026/3/6 14:12:47"
"D:\OpenClaw\workspace\41-medium\Archive\2026-03\20260303-051620-60e7c72dfeed.md","286","2026/3/6 14:12:47"
"D:\OpenClaw\workspace\41-medium\Archive\2026-03\20260303-051620-7c5dd8f074d3.md","286","2026/3/6 14:12:47"
"D:\OpenClaw\workspace\41-medium\Archive\2026-03\20260303-051620-b9d20b8efa84.md","286","2026/3/6 14:12:47"
"D:\OpenClaw\workspace\41-medium\Archive\2026-03\20260303-051620-let-there-be-ai-27f47009060c.md","374","2026/3/6 14:12:47"
"D:\OpenClaw\workspace\41-medium\Archive\2026-03\20260303-051620-leveling-up-claude-hands-on-part-1-a-smarter-crop-.md","558","2026/3/6 14:12:47"
"D:\OpenClaw\workspace\41-medium\Archive\2026-03\20260303-051620-machine-speed-attacks-human-speed-defense-the-fata.md","504","2026/3/6 14:12:47"
"D:\OpenClaw\workspace\41-medium\Archive\2026-03\20260303-051620-stop-paying-the-location-tax-postgis-makes-spatial.md","488","2026/3/6 14:12:47"
"D:\OpenClaw\workspace\41-medium\Archive\2026-03\20260303-051620-the-2-500-year-old-bug-report-on-chain-of-thought-.md","438","2026/3/6 14:12:47"
"D:\OpenClaw\workspace\41-medium\Archive\2026-03\20260303-051620-the-fast-track-to-ai-engineering-is-a-trap-7c5dd8f.md","432","2026/3/6 14:12:47"
"D:\OpenClaw\workspace\41-medium\Archive\2026-03\20260303-051620-the-mirror-and-the-mind-510c2727ed4c.md","392","2026/3/6 14:12:47"
"D:\OpenClaw\workspace\41-medium\Archive\2026-03\20260303-052415-046d649b57c7.md","286","2026/3/6 14:12:47"
"D:\OpenClaw\workspace\41-medium\Archive\2026-03\20260303-052415-9fdbda28a5ff.md","286","2026/3/6 14:12:47"
"D:\OpenClaw\workspace\41-medium\Archive\2026-03\20260303-052415-ai-is-quietly-becoming-a-medical-gatekeeper-and-we.md","488","2026/3/6 14:12:47"
"D:\OpenClaw\workspace\41-medium\Archive\2026-03\20260303-052921-1094f4e94845.md","286","2026/3/6 14:12:47"
"D:\OpenClaw\workspace\41-medium\Archive\2026-03\20260303-052921-10f499ad1e9d.md","286","2026/3/6 14:12:47"
"D:\OpenClaw\workspace\41-medium\Archive\2026-03\20260303-052921-47c0aa1c8d42.md","286","2026/3/6 14:12:47"
"D:\OpenClaw\workspace\41-medium\Archive\2026-03\20260303-052921-63d1668aa78c.md","286","2026/3/6 14:12:47"
"D:\OpenClaw\workspace\41-medium\Archive\2026-03\20260303-052921-98efd14ac664.md","286","2026/3/6 14:12:47"
"D:\OpenClaw\workspace\41-medium\Archive\2026-03\20260303-052921-99ff0f340cd9.md","286","2026/3/6 14:12:47"
"D:\OpenClaw\workspace\41-medium\Archive\2026-03\20260303-052921-ab4500d419f0.md","286","2026/3/6 14:12:47"
"D:\OpenClaw\workspace\41-medium\Archive\2026-03\20260303-052921-ac6263aa4a82.md","286","2026/3/6 14:12:47"
"D:\OpenClaw\workspace\41-medium\Archive\2026-03\20260303-052921-eb29c6d6523f.md","286","2026/3/6 14:12:47"
"D:\OpenClaw\workspace\41-medium\Archive\2026-03\20260303-052921-stop-asking-which-energy-start-asking-who-controls.md","454","2026/3/6 14:12:47"
"D:\OpenClaw\workspace\41-medium\Archive\2026-03\20260303-052921-the-absence-of-castor-v1-0-9-1094f4e94845.md","394","2026/3/6 14:12:47"
"D:\OpenClaw\workspace\41-medium\Archive\2026-03\20260303-052921-the-death-of-the-dictaphone-why-ambient-ai-is-the-.md","520","2026/3/6 14:12:47"
"D:\OpenClaw\workspace\41-medium\Archive\2026-03\20260303-052921-what-the-smartest-people-i-know-are-doing-differen.md","436","2026/3/6 14:12:47"
"D:\OpenClaw\workspace\41-medium\Archive\2026-03\20260303-052921-when-human-in-the-loop-becomes-human-lost-in-the-q.md","456","2026/3/6 14:12:47"
"D:\OpenClaw\workspace\41-medium\Archive\2026-03\20260303-052921-your-rag-works-on-5-000-documents-it-wont-on-5-mil.md","506","2026/3/6 14:12:47"
"D:\OpenClaw\workspace\41-medium\Archive\2026-03\20260303-053806-e94ab24f88c6.md","286","2026/3/6 14:12:47"
"D:\OpenClaw\workspace\41-medium\Archive\AI-ML\2026-02-25_2602.21761v1_Survey-on-Neural-Routing-Solvers-1.md","2376","2026/3/6 14:12:47"
"D:\OpenClaw\workspace\41-medium\Archive\AI-ML\2026-02-25_2602.21761v1_Survey-on-Neural-Routing-Solvers.md","2374","2026/3/6 14:12:47"
"D:\OpenClaw\workspace\41-medium\Archive\AI-ML\2026-02-25_2602.21995v1_Outpatient-Appointment-Scheduling-Optimization-wit-1.md","3163","2026/3/6 14:12:47"
"D:\OpenClaw\workspace\41-medium\Archive\AI-ML\2026-02-25_2602.21995v1_Outpatient-Appointment-Scheduling-Optimization-wit.md","3150","2026/3/6 14:12:47"
"D:\OpenClaw\workspace\41-medium\Archive\AI-ML\2026-02-26_2602.23023v1_Low-degree-Lower-bounds-for-clustering-in-moderate-1.md","2780","2026/3/6 14:12:47"
"D:\OpenClaw\workspace\41-medium\Archive\AI-ML\2026-02-26_2602.23023v1_Low-degree-Lower-bounds-for-clustering-in-moderate.md","2777","2026/3/6 14:12:47"
"D:\OpenClaw\workspace\41-medium\Archive\AI-ML\2026-02-26_2602.23116v1_Regularized-Online-RLHF-with-Generalized-Bilinear-1.md","2720","2026/3/6 14:12:47"
"D:\OpenClaw\workspace\41-medium\Archive\AI-ML\2026-02-26_2602.23116v1_Regularized-Online-RLHF-with-Generalized-Bilinear.md","2720","2026/3/6 14:12:47"
"D:\OpenClaw\workspace\41-medium\Archive\AI-ML\2026-02-26_2602.23197v1_Fine-Tuning-Without-Forgetting-In-Context-Learning-1.md","2900","2026/3/6 14:12:47"
"D:\OpenClaw\workspace\41-medium\Archive\AI-ML\2026-02-26_2602.23197v1_Fine-Tuning-Without-Forgetting-In-Context-Learning.md","2897","2026/3/6 14:12:47"
"D:\OpenClaw\workspace\41-medium\Archive\AI-ML\2026-02-26_2602.23286v1_SPARTA-Scalable-and-Principled-Benchmark-of-Tree-S-1.md","3562","2026/3/6 14:12:47"
"D:\OpenClaw\workspace\41-medium\Archive\AI-ML\2026-02-26_2602.23286v1_SPARTA-Scalable-and-Principled-Benchmark-of-Tree-S.md","3565","2026/3/6 14:12:47"
"D:\OpenClaw\workspace\41-medium\Archive\AI-ML\2026-02-26_2602.23329v1_LLM Novice Uplift on Dual-Use, In Silico Biology T.md","2248","2026/3/6 14:12:47"
"D:\OpenClaw\workspace\41-medium\Archive\AI-ML\2026-02-26_2602.23329v1_LLM-Novice-Uplift-on-Dual-Use-In-Silico-Biology-Ta-1.md","2988","2026/3/6 14:12:47"
"D:\OpenClaw\workspace\41-medium\Archive\AI-ML\2026-02-26_2602.23329v1_LLM-Novice-Uplift-on-Dual-Use-In-Silico-Biology-Ta.md","2985","2026/3/6 14:12:47"
"D:\OpenClaw\workspace\41-medium\Archive\AI-ML\2026-02-26_2602.23335v1_Understanding-Usage-and-Engagement-in-AI-Powered-S-1.md","3100","2026/3/6 14:12:47"
"D:\OpenClaw\workspace\41-medium\Archive\AI-ML\2026-02-26_2602.23335v1_Understanding-Usage-and-Engagement-in-AI-Powered-S.md","3103","2026/3/6 14:12:47"
"D:\OpenClaw\workspace\41-medium\Archive\AI-ML\2026-02-26_2602.23336v1_Differentiable-Zero-One-Loss-via-Hypersimplex-Proj-1.md","2653","2026/3/6 14:12:47"
"D:\OpenClaw\workspace\41-medium\Archive\AI-ML\2026-02-26_2602.23336v1_Differentiable-Zero-One-Loss-via-Hypersimplex-Proj.md","2654","2026/3/6 14:12:47"
"D:\OpenClaw\workspace\41-medium\Archive\AI-ML\2026-02-26_2602.23341v1_Mean-Estimation-from-Coarse-Data-Characterizations-1.md","2901","2026/3/6 14:12:47"
"D:\OpenClaw\workspace\41-medium\Archive\AI-ML\2026-02-26_2602.23341v1_Mean-Estimation-from-Coarse-Data-Characterizations.md","2904","2026/3/6 14:12:47"
"D:\OpenClaw\workspace\41-medium\Archive\AI-ML\2026-02-26_2602.23349v1_FlashOptim-Optimizers-for-Memory-Efficient-Trainin-1.md","2826","2026/3/6 14:12:47"
"D:\OpenClaw\workspace\41-medium\Archive\AI-ML\2026-02-26_2602.23349v1_FlashOptim-Optimizers-for-Memory-Efficient-Trainin.md","2826","2026/3/6 14:12:47"
"D:\OpenClaw\workspace\41-medium\Archive\AI-ML\2026-02-26_2602.23351v1_Scale Can't Overcome Pragmatics The Impact of Rep.md","2279","2026/3/6 14:12:47"
"D:\OpenClaw\workspace\41-medium\Archive\AI-ML\2026-02-26_2602.23353v1_SOTAlign-Semi-Supervised-Alignment-of-Unimodal-Vis-1.md","2982","2026/3/6 14:12:47"
"D:\OpenClaw\workspace\41-medium\Archive\AI-ML\2026-02-26_2602.23353v1_SOTAlign-Semi-Supervised-Alignment-of-Unimodal-Vis.md","2980","2026/3/6 14:12:47"
"D:\OpenClaw\workspace\41-medium\Archive\AI-ML\2026-02-26_2602.23358v1_A Dataset is Worth 1 MB.md","2175","2026/3/6 14:12:47"
"D:\OpenClaw\workspace\41-medium\Archive\AI-ML\2026-02-26_2602.23358v1_A-Dataset-is-Worth-1-MB-1.md","2833","2026/3/6 14:12:47"
"D:\OpenClaw\workspace\41-medium\Archive\AI-ML\2026-02-26_2602.23358v1_A-Dataset-is-Worth-1-MB.md","2820","2026/3/6 14:12:47"
"D:\OpenClaw\workspace\41-medium\Archive\AI-ML\2026-02-26_2602.23359v1_SeeThrough3D Occlusion Aware 3D Control in Text-t.md","2358","2026/3/6 14:12:47"
"D:\OpenClaw\workspace\41-medium\Archive\AI-ML\2026-02-26_2602.23359v1_SeeThrough3D-Occlusion-Aware-3D-Control-in-Text-to-1.md","3121","2026/3/6 14:12:47"
"D:\OpenClaw\workspace\41-medium\Archive\AI-ML\2026-02-26_2602.23359v1_SeeThrough3D-Occlusion-Aware-3D-Control-in-Text-to.md","3124","2026/3/6 14:12:47"
"D:\OpenClaw\workspace\41-medium\Archive\AI-ML\2026-02-26_2602.23360v1_Model Agreement via Anchoring.md","4816","2026/3/6 14:12:47"
"D:\OpenClaw\workspace\41-medium\Archive\AI-ML\2026-02-26_2602.23360v1_Model-Agreement-via-Anchoring-1.md","3094","2026/3/6 14:12:47"
"D:\OpenClaw\workspace\41-medium\Archive\AI-ML\2026-02-26_2602.23360v1_Model-Agreement-via-Anchoring.md","3094","2026/3/6 14:12:47"
"D:\OpenClaw\workspace\41-medium\Archive\General\2026-02-25_2602.22152v1_Stream-Neural-Networks-Epoch-Free-Learning-with-Pe-1.md","2887","2026/3/6 14:12:47"
"D:\OpenClaw\workspace\41-medium\Archive\General\2026-02-25_2602.22152v1_Stream-Neural-Networks-Epoch-Free-Learning-with-Pe.md","2887","2026/3/6 14:12:47"
"D:\OpenClaw\workspace\41-medium\Archive\General\2026-02-25_2602.22173v1_Applying-a-Random-Key-Optimizer-on-Mixed-Integer-P-1.md","3269","2026/3/6 14:12:47"
"D:\OpenClaw\workspace\41-medium\Archive\General\2026-02-25_2602.22173v1_Applying-a-Random-Key-Optimizer-on-Mixed-Integer-P.md","3267","2026/3/6 14:12:47"
"D:\OpenClaw\workspace\41-medium\Archive\General\2026-02-26_2602.22804v1_Communication-Guided-Multi-Mutation-Differential-E-1.md","3398","2026/3/6 14:12:47"
"D:\OpenClaw\workspace\41-medium\Archive\General\2026-02-26_2602.22804v1_Communication-Guided-Multi-Mutation-Differential-E.md","3383","2026/3/6 14:12:47"
"D:\OpenClaw\workspace\41-medium\Archive\GitHub-Repos\2026-02-28_gh_apache_airflow.md","3790","2026/3/6 14:12:47"
"D:\OpenClaw\workspace\41-medium\Archive\GitHub-Repos\2026-02-28_gh_apache_superset.md","3798","2026/3/6 14:12:47"
"D:\OpenClaw\workspace\41-medium\Archive\GitHub-Repos\2026-02-28_gh_Asabeneh_30-Days-Of-Python.md","2073","2026/3/6 14:12:47"
"D:\OpenClaw\workspace\41-medium\Archive\GitHub-Repos\2026-02-28_gh_ashishpatel26_500-AI-Machine-learning-Deep-l.md","4777","2026/3/6 14:12:47"
"D:\OpenClaw\workspace\41-medium\Archive\GitHub-Repos\2026-02-28_gh_AUTOMATIC1111_stable-diffusion-webui.md","4010","2026/3/6 14:12:47"
"D:\OpenClaw\workspace\41-medium\Archive\GitHub-Repos\2026-02-28_gh_CMU-Perceptual-Compu_openpose.md","4072","2026/3/6 14:12:47"
"D:\OpenClaw\workspace\41-medium\Archive\GitHub-Repos\2026-02-28_gh_d2l-ai_d2l-en.md","3874","2026/3/6 14:12:47"
"D:\OpenClaw\workspace\41-medium\Archive\GitHub-Repos\2026-02-28_gh_d2l-ai_d2l-zh.md","5080","2026/3/6 14:12:47"
"D:\OpenClaw\workspace\41-medium\Archive\GitHub-Repos\2026-02-28_gh_dair-ai_Prompt-Engineering-Guide.md","4063","2026/3/6 14:12:47"
"D:\OpenClaw\workspace\41-medium\Archive\GitHub-Repos\2026-02-28_gh_Developer-Y_cs-video-courses.md","3885","2026/3/6 14:12:47"
"D:\OpenClaw\workspace\41-medium\Archive\GitHub-Repos\2026-02-28_gh_eugeneyan_applied-ml.md","3870","2026/3/6 14:12:47"
"D:\OpenClaw\workspace\41-medium\Archive\GitHub-Repos\2026-02-28_gh_explosion_spaCy.md","3767","2026/3/6 14:12:47"
"D:\OpenClaw\workspace\41-medium\Archive\GitHub-Repos\2026-02-28_gh_FlowiseAI_Flowise.md","3860","2026/3/6 14:12:47"
"D:\OpenClaw\workspace\41-medium\Archive\GitHub-Repos\2026-02-28_gh_f_promptschat.md","3929","2026/3/6 14:12:47"
"D:\OpenClaw\workspace\41-medium\Archive\GitHub-Repos\2026-02-28_gh_GokuMohandas_Made-With-ML.md","3952","2026/3/6 14:12:47"
"D:\OpenClaw\workspace\41-medium\Archive\GitHub-Repos\2026-02-28_gh_google-ai-edge_mediapipe.md","3936","2026/3/6 14:12:47"
"D:\OpenClaw\workspace\41-medium\Archive\GitHub-Repos\2026-02-28_gh_google-research_bert.md","3821","2026/3/6 14:12:47"
"D:\OpenClaw\workspace\41-medium\Archive\GitHub-Repos\2026-02-28_gh_gradio-app_gradio.md","3854","2026/3/6 14:12:47"
"D:\OpenClaw\workspace\41-medium\Archive\GitHub-Repos\2026-02-28_gh_hacksider_Deep-Live-Cam.md","3913","2026/3/6 14:12:47"
"D:\OpenClaw\workspace\41-medium\Archive\GitHub-Repos\2026-02-28_gh_hankcs_HanLP.md","4150","2026/3/6 23:34:49"
"D:\OpenClaw\workspace\41-medium\Archive\GitHub-Repos\2026-02-28_gh_huggingface_transformers.md","4036","2026/3/6 14:12:47"
"D:\OpenClaw\workspace\41-medium\Archive\GitHub-Repos\2026-02-28_gh_infiniflow_ragflow.md","3998","2026/3/6 14:12:47"
"D:\OpenClaw\workspace\41-medium\Archive\GitHub-Repos\2026-02-28_gh_jingyaogong_minimind.md","4622","2026/3/6 14:12:47"
"D:\OpenClaw\workspace\41-medium\Archive\GitHub-Repos\2026-02-28_gh_keras-team_keras.md","3773","2026/3/6 14:12:47"
"D:\OpenClaw\workspace\41-medium\Archive\GitHub-Repos\2026-02-28_gh_Kong_kong.md","3680","2026/3/6 14:12:47"
"D:\OpenClaw\workspace\41-medium\Archive\GitHub-Repos\2026-02-28_gh_labmlai_annotated_deep_learning_paper_.md","2483","2026/3/6 14:12:47"
"D:\OpenClaw\workspace\41-medium\Archive\GitHub-Repos\2026-02-28_gh_langgenius_dify.md","3775","2026/3/6 14:12:47"
"D:\OpenClaw\workspace\41-medium\Archive\GitHub-Repos\2026-02-28_gh_microsoft_AI-For-Beginners.md","3845","2026/3/6 14:12:48"
"D:\OpenClaw\workspace\41-medium\Archive\GitHub-Repos\2026-02-28_gh_microsoft_ML-For-Beginners.md","3889","2026/3/6 14:12:48"
"D:\OpenClaw\workspace\41-medium\Archive\GitHub-Repos\2026-02-28_gh_mlabonne_llm-course.md","3909","2026/3/6 14:12:48"
"D:\OpenClaw\workspace\41-medium\Archive\GitHub-Repos\2026-02-28_gh_n8n-io_n8n.md","3839","2026/3/6 14:12:48"
"D:\OpenClaw\workspace\41-medium\Archive\GitHub-Repos\2026-02-28_gh_netdata_netdata.md","3795","2026/3/6 14:12:48"
"D:\OpenClaw\workspace\41-medium\Archive\GitHub-Repos\2026-02-28_gh_open-webui_open-webui.md","3862","2026/3/6 14:12:48"
"D:\OpenClaw\workspace\41-medium\Archive\GitHub-Repos\2026-02-28_gh_opencv_opencv.md","3436","2026/3/6 14:12:48"
"D:\OpenClaw\workspace\41-medium\Archive\GitHub-Repos\2026-02-28_gh_OpenHands_OpenHands.md","3822","2026/3/6 14:12:47"
"D:\OpenClaw\workspace\41-medium\Archive\GitHub-Repos\2026-02-28_gh_pandas-dev_pandas.md","3924","2026/3/6 14:12:48"
"D:\OpenClaw\workspace\41-medium\Archive\GitHub-Repos\2026-02-28_gh_punkpeye_awesome-mcp-servers.md","4008","2026/3/6 14:12:48"
"D:\OpenClaw\workspace\41-medium\Archive\GitHub-Repos\2026-02-28_gh_pytorch_pytorch.md","3800","2026/3/6 14:12:48"
"D:\OpenClaw\workspace\41-medium\Archive\GitHub-Repos\2026-02-28_gh_rasbt_LLMs-from-scratch.md","3900","2026/3/6 14:12:48"
"D:\OpenClaw\workspace\41-medium\Archive\GitHub-Repos\2026-02-28_gh_roboflow_supervision.md","3839","2026/3/6 14:12:48"
"D:\OpenClaw\workspace\41-medium\Archive\GitHub-Repos\2026-02-28_gh_scikit-learn_scikit-learn.md","1909","2026/3/6 14:12:48"
"D:\OpenClaw\workspace\41-medium\Archive\GitHub-Repos\2026-02-28_gh_sebastianruder_NLP-progress.md","4040","2026/3/6 14:12:48"
"D:\OpenClaw\workspace\41-medium\Archive\GitHub-Repos\2026-02-28_gh_Significant-Gravitas_AutoGPT.md","4042","2026/3/6 14:12:47"
"D:\OpenClaw\workspace\41-medium\Archive\GitHub-Repos\2026-02-28_gh_srbhr_Resume-Matcher.md","4168","2026/3/6 14:12:48"
"D:\OpenClaw\workspace\41-medium\Archive\GitHub-Repos\2026-02-28_gh_streamlit_streamlit.md","3847","2026/3/6 14:12:48"
"D:\OpenClaw\workspace\41-medium\Archive\GitHub-Repos\2026-02-28_gh_tensorflow_tensorflow.md","3852","2026/3/6 14:12:48"
"D:\OpenClaw\workspace\41-medium\Archive\GitHub-Repos\2026-02-28_gh_ultralytics_ultralytics.md","3888","2026/3/6 14:12:48"
"D:\OpenClaw\workspace\41-medium\Archive\GitHub-Repos\2026-02-28_gh_XingangPan_DragGAN.md","3832","2026/3/6 14:12:47"
"D:\OpenClaw\workspace\41-medium\Archive\Medium-Articles\2026-02-25_Why the Entropy Engine Works.md","10015","2026/3/6 14:12:48"
"D:\OpenClaw\workspace\41-medium\Archive\Medium-Articles\2026-02-28-ai-defense-ii-a4534d62ca89-b22fb0e8.md","445","2026/3/6 14:12:48"
"D:\OpenClaw\workspace\41-medium\Archive\Medium-Articles\2026-02-28-beyond-the-prompt-why-the-vibe-804ca81f.md","595","2026/3/6 14:12:48"
"D:\OpenClaw\workspace\41-medium\Archive\Medium-Articles\2026-02-28-trees-forests-and-the-wall-they-88031502.md","2805","2026/3/6 23:34:50"
"D:\OpenClaw\workspace\41-medium\Archive\Medium-Articles\2026-02-28-why-most-startups-arent-building-companies-e6a4f5f6.md","595","2026/3/6 14:12:48"
"D:\OpenClaw\workspace\41-medium\Archive\NLP\2026-02-26_2602.23266v1_Discourse-Aware-Dual-Track-Streaming-Response-for-1.md","3110","2026/3/6 14:12:48"
"D:\OpenClaw\workspace\41-medium\Archive\NLP\2026-02-26_2602.23266v1_Discourse-Aware-Dual-Track-Streaming-Response-for.md","3107","2026/3/6 14:12:48"
"D:\OpenClaw\workspace\41-medium\Archive\NLP\2026-02-26_2602.23300v1_A-Mixture-of-Experts-Model-for-Multimodal-Emotion-1.md","3078","2026/3/6 14:12:48"
"D:\OpenClaw\workspace\41-medium\Archive\NLP\2026-02-26_2602.23300v1_A-Mixture-of-Experts-Model-for-Multimodal-Emotion.md","3065","2026/3/6 14:12:48"
"D:\OpenClaw\workspace\41-medium\Archive\NLP\2026-02-26_2602.23351v1_Scale-Cant-Overcome-Pragmatics-The-Impact-of-Repor-1.md","3085","2026/3/6 14:12:48"
"D:\OpenClaw\workspace\41-medium\Archive\NLP\2026-02-26_2602.23351v1_Scale-Cant-Overcome-Pragmatics-The-Impact-of-Repor.md","3085","2026/3/6 14:12:48"
"D:\OpenClaw\workspace\41-medium\Archive\Other\scheduler-log.old.md","294837","2026/3/6 14:12:48"
"D:\OpenClaw\workspace\41-medium\Archive\Other\watcher-log.md","26354","2026/3/6 14:12:48"
"D:\OpenClaw\workspace\41-medium\Archive\Other\watcher-runner.md","9910","2026/3/6 14:12:48"
"D:\OpenClaw\workspace\41-medium\Archive\Vision\2026-02-26_2602.23357v1_Sensor-Generalization-for-Adaptive-Sensing-in-Even-1.md","2486","2026/3/6 14:12:48"
"D:\OpenClaw\workspace\41-medium\Archive\Vision\2026-02-26_2602.23357v1_Sensor-Generalization-for-Adaptive-Sensing-in-Even.md","2483","2026/3/6 14:12:48"
"D:\OpenClaw\workspace\41-medium\Archive\Vision\2026-02-26_2602.23361v1_VGG-T3-Offline-Feed-Forward-3D-Reconstruction-at-S-1.md","2607","2026/3/6 14:12:48"
"D:\OpenClaw\workspace\41-medium\Archive\Vision\2026-02-26_2602.23361v1_VGG-T3-Offline-Feed-Forward-3D-Reconstruction-at-S.md","2607","2026/3/6 14:12:48"
"D:\OpenClaw\workspace\41-medium\Archive\Vision\2026-02-26_2602.23363v1_MediX-R1-Open-Ended-Medical-Reinforcement-Learning-1.md","3198","2026/3/6 14:12:48"
"D:\OpenClaw\workspace\41-medium\Archive\Vision\2026-02-26_2602.23363v1_MediX-R1-Open-Ended-Medical-Reinforcement-Learning.md","3185","2026/3/6 14:12:48"
"D:\OpenClaw\workspace\41-medium\Raw\arxiv-2026-03-04.md","1424","2026/3/6 14:12:48"
"D:\OpenClaw\workspace\41-medium\Raw\arxiv-2026-03-05.md","2417","2026/3/6 14:12:48"
"D:\OpenClaw\workspace\41-medium\Raw\medium-2026-03-04-15-Python-One-Liners-That-Make-You-Look-Like-a-Cod.md","1455","2026/3/6 14:12:48"
"D:\OpenClaw\workspace\41-medium\Raw\medium-2026-03-04-Agentic-Governance-with-Bounded-Autonomy-In-Practi.md","1474","2026/3/6 14:12:48"
"D:\OpenClaw\workspace\41-medium\Raw\medium-2026-03-04-AINFT--S37000USDT13000USDT.md","2340","2026/3/6 14:12:48"
"D:\OpenClaw\workspace\41-medium\Raw\medium-2026-03-04-AINFT-闯关赛-S3火热开启奖池飙升至7000USDT全赛季奖励累计13000USDT.md","2340","2026/3/6 14:12:48"
"D:\OpenClaw\workspace\41-medium\Raw\medium-2026-03-04-How-to-Write-Better-Code-with-AI-The-Power-of-Pro.md","1533","2026/3/6 14:12:48"
"D:\OpenClaw\workspace\41-medium\Raw\medium-2026-03-04-MCP-Nedir-Yapay-Zekann-D-Dnyayla-Konuma-Dili.md","1344","2026/3/6 14:12:48"
"D:\OpenClaw\workspace\41-medium\Raw\medium-2026-03-04-Naturalidade-no--improviso-aprendizados-de-Cont.md","1479","2026/3/6 14:12:48"
"D:\OpenClaw\workspace\41-medium\Raw\medium-2026-03-04-Naturalidade-não-é-improviso-aprendizados-de-Cont.md","1473","2026/3/6 14:12:48"
"D:\OpenClaw\workspace\41-medium\Raw\medium-2026-03-04-Running-AI-on-Your-Laptop-A-Step-by-Step-Guide-to.md","1407","2026/3/6 14:12:48"
"D:\OpenClaw\workspace\41-medium\Raw\medium-2026-03-04-The-Pragmatic-Programmer-in-the-AI-Era.md","1291","2026/3/6 14:12:48"
"D:\OpenClaw\workspace\41-medium\Raw\medium-2026-03-04-Why-Your-Cowork-Output-Is-Mediocre-And-How-to-Fix.md","1212","2026/3/6 14:12:48"
"D:\OpenClaw\workspace\41-medium\Raw\medium-summary-2026-03-04.md","2180","2026/3/6 14:12:48"
"D:\OpenClaw\workspace\41-medium\Reports\auto-fix-report.md","524","2026/3/6 14:12:48"
"D:\OpenClaw\workspace\41-medium\Reports\GitHub 笔记优化报告.md","794","2026/3/6 14:12:48"
"D:\OpenClaw\workspace\41-medium\Reports\Hourly-2026-03-01 05-01.md","563","2026/3/6 14:12:48"
"D:\OpenClaw\workspace\41-medium\Reports\Hourly-2026-03-01 05-02.md","408","2026/3/6 14:12:48"
"D:\OpenClaw\workspace\41-medium\Reports\Hourly-2026-03-01 05-03.md","408","2026/3/6 14:12:48"
"D:\OpenClaw\workspace\41-medium\Reports\Hourly-2026-03-01 05-04.md","408","2026/3/6 14:12:48"
"D:\OpenClaw\workspace\41-medium\Reports\Hourly-2026-03-01 05-05.md","410","2026/3/6 14:12:48"
"D:\OpenClaw\workspace\41-medium\Reports\Hourly-2026-03-01 05-06.md","410","2026/3/6 14:12:48"
"D:\OpenClaw\workspace\41-medium\Reports\Hourly-2026-03-01 05-07.md","410","2026/3/6 14:12:48"
"D:\OpenClaw\workspace\41-medium\Reports\Hourly-2026-03-01 05-08.md","410","2026/3/6 14:12:48"
"D:\OpenClaw\workspace\41-medium\Reports\Hourly-2026-03-01 05-09.md","410","2026/3/6 14:12:48"
"D:\OpenClaw\workspace\41-medium\Reports\Hourly-2026-03-01 05-14.md","410","2026/3/6 14:12:48"
"D:\OpenClaw\workspace\41-medium\Reports\Hourly-2026-03-01 05-15.md","410","2026/3/6 14:12:48"
"D:\OpenClaw\workspace\41-medium\Reports\Hourly-2026-03-01 05-16.md","410","2026/3/6 14:12:48"
"D:\OpenClaw\workspace\41-medium\Reports\Hourly-2026-03-01 05-21.md","410","2026/3/6 14:12:48"
"D:\OpenClaw\workspace\41-medium\Reports\Optimization-Progress-v2.md","1311","2026/3/6 14:12:48"
"D:\OpenClaw\workspace\41-medium\Reports\Therapy vs AI 笔记修复总结.md","1436","2026/3/6 14:12:48"
"D:\OpenClaw\workspace\41-medium\Reports\visualization-report.md","3880","2026/3/6 14:12:48"
"D:\OpenClaw\workspace\41-medium\Reports\⚠️ 重要警告 - 批量修复工具事故.md","1584","2026/3/6 14:12:48"
"D:\OpenClaw\workspace\41-medium\Reports\批量修复报告.md","522","2026/3/6 14:12:48"
"D:\OpenClaw\workspace\41-medium\Reports\特定笔记修复报告.md","1563","2026/3/6 14:12:48"
"D:\OpenClaw\workspace\41-medium\Reports\笔记修复报告-2026-03-01.md","3989","2026/3/6 14:12:48"
"D:\OpenClaw\workspace\41-medium\Reports\笔记修复最终报告.md","1819","2026/3/6 14:12:48"
"D:\OpenClaw\workspace\41-medium\Reports\笔记批量修复报告 -2026-03-01.md","3051","2026/3/6 14:12:48"
"D:\OpenClaw\workspace\41-medium\Reports\系统状态报告 -2026-03-01.md","1450","2026/3/6 14:12:48"
"D:\OpenClaw\workspace\41-medium\Templates\C-Note Template.md","643","2026/3/6 14:12:48"
"D:\OpenClaw\workspace\41-medium\Templates\M-Note Template.md","942","2026/3/6 14:12:48"
"D:\OpenClaw\workspace\41-medium\Templates\P-Note Template.md","827","2026/3/6 14:12:48"
"D:\OpenClaw\workspace\41-medium\Templates\Research-Question Template.md","786","2026/3/6 14:12:48"
"D:\OpenClaw\workspace\42-hackernews\daily\2026\2026-03\2026-03-02\20260302-211744-An interactive intro to Elliptic Curve Cryptograph.md","700","2026/3/6 14:12:14"
"D:\OpenClaw\workspace\42-hackernews\daily\2026\2026-03\2026-03-02\20260302-211744-Computer-generated dream world Virtual reality for.md","743","2026/3/6 14:12:14"
"D:\OpenClaw\workspace\42-hackernews\daily\2026\2026-03\2026-03-02\20260302-211744-eOS is a complete deGoogled, mobile ecosystem.md","609","2026/3/6 14:12:14"
"D:\OpenClaw\workspace\42-hackernews\daily\2026\2026-03\2026-03-02\20260302-211744-Everett shuts down Flock camera network after judg.md","822","2026/3/6 14:12:14"
"D:\OpenClaw\workspace\42-hackernews\daily\2026\2026-03\2026-03-02\20260302-211744-Evolving descriptive text of mental content from h.md","786","2026/3/6 14:12:14"
"D:\OpenClaw\workspace\42-hackernews\daily\2026\2026-03\2026-03-02\20260302-211744-How to record and retrieve anything you've ever ha.md","807","2026/3/6 14:12:14"
"D:\OpenClaw\workspace\42-hackernews\daily\2026\2026-03\2026-03-02\20260302-211744-How to talk to anyone and why you should.md","840","2026/3/6 14:12:14"
"D:\OpenClaw\workspace\42-hackernews\daily\2026\2026-03\2026-03-02\20260302-211744-If AI writes code, should the session be part of t.md","688","2026/3/6 14:12:14"
"D:\OpenClaw\workspace\42-hackernews\daily\2026\2026-03\2026-03-02\20260302-211744-Jolla phone – a full-stack European alternative.md","702","2026/3/6 14:12:14"
"D:\OpenClaw\workspace\42-hackernews\daily\2026\2026-03\2026-03-02\20260302-211744-Little Free Library.md","599","2026/3/6 14:12:14"
"D:\OpenClaw\workspace\42-hackernews\daily\2026\2026-03\2026-03-02\20260302-211744-Microsoft bans the word Microslop on its Discord, .md","983","2026/3/6 14:12:14"
"D:\OpenClaw\workspace\42-hackernews\daily\2026\2026-03\2026-03-02\20260302-211744-Motorola announces a partnership with GrapheneOS F.md","747","2026/3/6 14:12:14"
"D:\OpenClaw\workspace\42-hackernews\daily\2026\2026-03\2026-03-02\20260302-211744-Process-Based Concurrency Why Beam and OTP Keep Be.md","717","2026/3/6 14:12:14"
"D:\OpenClaw\workspace\42-hackernews\daily\2026\2026-03\2026-03-02\20260302-211744-Right-sizes LLM models to your system's RAM, CPU, .md","668","2026/3/6 14:12:14"
"D:\OpenClaw\workspace\42-hackernews\daily\2026\2026-03\2026-03-02\20260302-211744-Show HN Omni – Open-source workplace search and ch.md","2213","2026/3/6 14:12:14"
"D:\OpenClaw\workspace\42-hackernews\daily\2026\2026-03\2026-03-02\20260302-211744-Show HN Timber – Ollama for classical ML models, 3.md","697","2026/3/6 14:12:14"
"D:\OpenClaw\workspace\42-hackernews\daily\2026\2026-03\2026-03-02\20260302-211744-Show HN Web Audio Studio – A Visual Debugger for W.md","2409","2026/3/6 14:12:14"
"D:\OpenClaw\workspace\42-hackernews\daily\2026\2026-03\2026-03-02\20260302-211744-U.S. science agency moves to restrict foreign scie.md","813","2026/3/6 14:12:14"
"D:\OpenClaw\workspace\42-hackernews\daily\2026\2026-03\2026-03-02\20260302-211744-WebMCP is available for early preview.md","675","2026/3/6 14:12:14"
"D:\OpenClaw\workspace\42-hackernews\daily\2026\2026-03\2026-03-02\20260302-211744-Why does C have the best file API.md","619","2026/3/6 14:12:14"
"D:\OpenClaw\workspace\42-hackernews\daily\2026\2026-03\2026-03-02\20260302-214124-Libxml2 Enterprise Edition (AGPL, from the previou.md","691","2026/3/6 14:12:14"
"D:\OpenClaw\workspace\42-hackernews\daily\2026\2026-03\2026-03-02\20260302-214124-Microslop Manifesto.md","563","2026/3/6 14:12:14"
"D:\OpenClaw\workspace\43-reddit\daily\2026\2026-03\2026-03-02\20260302-201457-D Self-Promotion Thread.md","1184","2026/3/6 14:12:14"
"D:\OpenClaw\workspace\43-reddit\daily\2026\2026-03\2026-03-02\20260302-201500-D Monthly Whos Hiring and Who wants to be Hired.md","1336","2026/3/6 14:12:14"
"D:\OpenClaw\workspace\43-reddit\daily\2026\2026-03\2026-03-02\20260302-201503-R Toward Guarantees for Clinical Reasoning in Vision Language Models via Formal .md","1420","2026/3/6 14:12:14"
"D:\OpenClaw\workspace\43-reddit\daily\2026\2026-03\2026-03-02\20260302-201505-R TorchLean Formalizing Neural Networks in Lean.md","1322","2026/3/6 14:12:14"
"D:\OpenClaw\workspace\43-reddit\daily\2026\2026-03\2026-03-02\20260302-201515-D ICLR 2026 Registration Process.md","1254","2026/3/6 14:12:14"
"D:\OpenClaw\workspace\43-reddit\daily\2026\2026-03\2026-03-02\20260302-201517-P easy-torch-tpu Making it easy to train PyTorch-based models on Google TPUs.md","1370","2026/3/6 14:12:14"
"D:\OpenClaw\workspace\43-reddit\daily\2026\2026-03\2026-03-02\20260302-201520-R CVPR 2026 Camera Ready Paper.md","1230","2026/3/6 14:12:14"
"D:\OpenClaw\workspace\43-reddit\daily\2026\2026-03\2026-03-02\20260302-201524-R Benchmarked 94 LLM endpoints for jan 2026 open source is now within 5 quality .md","1446","2026/3/6 14:12:14"
"D:\OpenClaw\workspace\43-reddit\daily\2026\2026-03\2026-03-02\20260302-201527-D Simple Questions Thread.md","1200","2026/3/6 14:12:14"
"D:\OpenClaw\workspace\43-reddit\daily\2026\2026-03\2026-03-02\20260302-201531-R Detecting invariant manifolds in ReLU-based RNNs.md","1466","2026/3/6 23:34:49"
"D:\OpenClaw\workspace\43-reddit\daily\2026\2026-03\2026-03-02\20260302-201534-P R2IR  R2ID Resolution Invariant Image Resampler and Diffuser - Trained on 11 3.md","1622","2026/3/6 14:12:14"
"D:\OpenClaw\workspace\43-reddit\daily\2026\2026-03\2026-03-02\20260302-201537-R Tiny transformers 100 params can add two 10-digit numbers to 100 accuracy.md","1372","2026/3/6 14:12:14"
"D:\OpenClaw\workspace\43-reddit\daily\2026\2026-03\2026-03-02\20260302-201540-P Building A Tensor micrograd.md","1212","2026/3/6 14:12:14"
"D:\OpenClaw\workspace\43-reddit\daily\2026\2026-03\2026-03-02\20260302-201543-D Geospatial ML for humanitarian droughtflood forecasting critique my approach  .md","1478","2026/3/6 14:12:14"
"D:\OpenClaw\workspace\43-reddit\daily\2026\2026-03\2026-03-02\20260302-201546-D ICLR Workshop Results.md","800","2026/3/6 14:12:14"
"D:\OpenClaw\workspace\43-reddit\daily\2026\2026-03\2026-03-02\20260302-201548-R CVPR26 SPAR-3D Workshop Call For Papers.md","900","2026/3/6 14:12:14"
"D:\OpenClaw\workspace\43-reddit\daily\2026\2026-03\2026-03-02\20260302-201549-D Works on flow matching where source distribution comes from dataset instead of.md","982","2026/3/6 14:12:14"
"D:\OpenClaw\workspace\43-reddit\daily\2026\2026-03\2026-03-02\20260302-201552-D Industry expectations in Machine Learning Engineers in 2026.md","954","2026/3/6 14:12:14"
"D:\OpenClaw\workspace\43-reddit\daily\2026\2026-03\2026-03-02\20260302-201554-D AIML PhD Committee.md","758","2026/3/6 14:12:14"
"D:\OpenClaw\workspace\43-reddit\daily\2026\2026-03\2026-03-02\20260302-201555-P Micro Diffusion  Discrete text diffusion in 150 lines of pure Python.md","1000","2026/3/6 14:12:14"
"D:\OpenClaw\workspace\43-reddit\daily\2026\2026-03\2026-03-02\20260302-201559-Scientists made AI agents ruder  and they performed better at complex reasoning .md","954","2026/3/6 14:12:14"
"D:\OpenClaw\workspace\43-reddit\daily\2026\2026-03\2026-03-02\20260302-201601-OpenAI eyes global domination with 110B Amazon and NVIDIA raise value hits 840B.md","968","2026/3/6 14:12:14"
"D:\OpenClaw\workspace\43-reddit\daily\2026\2026-03\2026-03-02\20260302-201602-Claude hits No 1 on App Store as ChatGPT users defect in show of support for Ant.md","1012","2026/3/6 14:12:14"
"D:\OpenClaw\workspace\43-reddit\daily\2026\2026-03\2026-03-02\20260302-201604-Switch to Claude without starting over  Claude.md","908","2026/3/6 14:12:14"
"D:\OpenClaw\workspace\43-reddit\daily\2026\2026-03\2026-03-02\20260302-201605-Why World Models Are Advancing Faster Than Enterprise AI Adoption.md","932","2026/3/6 14:12:14"
"D:\OpenClaw\workspace\43-reddit\daily\2026\2026-03\2026-03-02\20260302-201607-What was the most absurd prompt rejection from AI you ever received.md","1352","2026/3/6 14:12:14"
"D:\OpenClaw\workspace\43-reddit\daily\2026\2026-03\2026-03-02\20260302-201610-Deleted my GPT account and ported my AI game project to Claude Wow.md","948","2026/3/6 14:12:14"
"D:\OpenClaw\workspace\43-reddit\daily\2026\2026-03\2026-03-02\20260302-201611-Benchmarks dont tell you whos winning the AI race Heres what actually does.md","988","2026/3/6 14:12:14"
"D:\OpenClaw\workspace\43-reddit\daily\2026\2026-03\2026-03-02\20260302-201613-Anthropic says it will challenge Pentagons supply chain risk designation in cour.md","994","2026/3/6 14:12:14"
"D:\OpenClaw\workspace\43-reddit\daily\2026\2026-03\2026-03-02\20260302-201614-How do you handle all these AI subscribtions.md","882","2026/3/6 14:12:14"
"D:\OpenClaw\workspace\43-reddit\daily\2026\2026-03\2026-03-02\20260302-201616-I built a tool to automate your workflow after recording yourself doing the task.md","996","2026/3/6 14:12:14"
"D:\OpenClaw\workspace\43-reddit\daily\2026\2026-03\2026-03-02\20260302-201617-OpenAI strikes deal with Pentagon after Trump orders government to stop using An.md","976","2026/3/6 14:12:14"
"D:\OpenClaw\workspace\43-reddit\daily\2026\2026-03\2026-03-02\20260302-201619-Trump orders federal agencies to stop using Anthropic AI tech immediately.md","968","2026/3/6 14:12:14"
"D:\OpenClaw\workspace\43-reddit\daily\2026\2026-03\2026-03-02\20260302-201620-Paper The framing of a system prompt changes how a transformer generates tokens .md","1100","2026/3/6 14:12:14"
"D:\OpenClaw\workspace\43-reddit\daily\2026\2026-03\2026-03-02\20260302-201622-Anthropic rejects latest Pentagon offer We cannot in good conscience accede to t.md","1028","2026/3/6 14:12:14"
"D:\OpenClaw\workspace\43-reddit\daily\2026\2026-03\2026-03-02\20260302-201624-NVIDIA stagnant for consumer AI cards will any company ever compete.md","1348","2026/3/6 14:12:14"
"D:\OpenClaw\workspace\43-reddit\daily\2026\2026-03\2026-03-02\20260302-201627-Acing this new AI exam  which its creators say is the toughest in the world  mig.md","1456","2026/3/6 14:12:14"
"D:\OpenClaw\workspace\43-reddit\daily\2026\2026-03\2026-03-02\20260302-201632-The problem with Dorseys Block layoffs and the veiled nature of AI productivity .md","1386","2026/3/6 14:12:14"
"D:\OpenClaw\workspace\43-reddit\daily\2026\2026-03\2026-03-02\20260302-201636-I used steelman prompting to audit bias across six major LLMs The default-to-ste.md","1060","2026/3/6 14:12:14"
"D:\OpenClaw\workspace\43-reddit\daily\2026\2026-03\2026-03-02\20260302-201638-A new wearable AI system watches your hands through smart glasses guiding experi.md","1462","2026/3/6 14:12:14"
"D:\OpenClaw\workspace\43-reddit\daily\2026\2026-03\2026-03-02\20260302-201643-Google releases Nano banana 2 model.md","1246","2026/3/6 14:12:14"
"D:\OpenClaw\workspace\43-reddit\daily\2026\2026-03\2026-03-02\20260302-201648-Sound on Gemini 31 Pro surpassed every expectation I had for it This is a game i.md","1560","2026/3/6 23:34:49"
"D:\OpenClaw\workspace\43-reddit\daily\2026\2026-03\2026-03-02\20260302-201651-Opinion OpenAI has shown it cannot be trusted Canada needs nationalized public A.md","1362","2026/3/6 14:12:14"
"D:\OpenClaw\workspace\43-reddit\daily\2026\2026-03\2026-03-02\20260302-201656-Silicon Valley was a head of their time.md","1274","2026/3/6 14:12:14"
"D:\OpenClaw\workspace\43-reddit\daily\2026\2026-03\2026-03-02\20260302-201659-A panel of top LLMs iteratively refines a creative short story After hundreds of.md","1572","2026/3/6 14:12:14"
"D:\OpenClaw\workspace\43-reddit\daily\2026\2026-03\2026-03-02\20260302-201702-Alibaba Team Open-Sources CoPaw A High-Performance Personal Agent Workstation fo.md","1498","2026/3/6 14:12:14"
"D:\OpenClaw\workspace\43-reddit\daily\2026\2026-03\2026-03-02\20260302-201706-OpenAI In just a couple of years Non-profit -- For-profit -- Dept of War.md","1352","2026/3/6 14:12:14"
"D:\OpenClaw\workspace\43-reddit\daily\2026\2026-03\2026-03-02\20260302-201709-Here a list with free courses offered from Anthropic.md","1292","2026/3/6 14:12:14"
"D:\OpenClaw\workspace\43-reddit\daily\2026\2026-03\2026-03-02\20260302-201713-Anthropics Custom Claude Model For The Pentagon Is 1-2 Generations Ahead Of The .md","1402","2026/3/6 14:12:14"
"D:\OpenClaw\workspace\43-reddit\daily\2026\2026-03\2026-03-02\20260302-201718-Honor launches its humanoid robot performing a feet slide dance.md","1356","2026/3/6 14:12:14"
"D:\OpenClaw\workspace\43-reddit\daily\2026\2026-03\2026-03-02\20260302-201721-Bye chatGPT will stick with local models from now on.md","1324","2026/3/6 14:12:14"
"D:\OpenClaw\workspace\43-reddit\daily\2026\2026-03\2026-03-02\20260302-201724-We will live in the Detroit Become Human universe within the next 20 years.md","970","2026/3/6 14:12:14"
"D:\OpenClaw\workspace\43-reddit\daily\2026\2026-03\2026-03-02\20260302-201729-New method could increase LLM training efficiency.md","1318","2026/3/6 14:12:14"
"D:\OpenClaw\workspace\43-reddit\daily\2026\2026-03\2026-03-02\20260302-201733-Singularitish Art by raminnazer.md","1216","2026/3/6 14:12:14"
"D:\OpenClaw\workspace\43-reddit\daily\2026\2026-03\2026-03-02\20260302-201736-Cancel your Chatgpt subscriptions and pick up a Claude subscription.md","954","2026/3/6 14:12:14"
"D:\OpenClaw\workspace\43-reddit\daily\2026\2026-03\2026-03-02\20260302-201741-Im happy to report that I deleted my ChatGPT account F that company.md","1360","2026/3/6 14:12:14"
"D:\OpenClaw\workspace\43-reddit\daily\2026\2026-03\2026-03-02\20260302-201745-Cancel ChatGPT movement goes mainstream after OpenAI closes deal with US Departm.md","1508","2026/3/6 14:12:14"
"D:\OpenClaw\workspace\43-reddit\daily\2026\2026-03\2026-03-02\20260302-201748-Would you love a song less if AI wrote it.md","1272","2026/3/6 14:12:14"
"D:\OpenClaw\workspace\43-reddit\daily\2026\2026-03\2026-03-02\20260302-201751-Funny.md","654","2026/3/6 14:12:14"
"D:\OpenClaw\workspace\43-reddit\daily\2026\2026-03\2026-03-02\20260302-201753-Help an old guy out.md","746","2026/3/6 14:12:14"
"D:\OpenClaw\workspace\43-reddit\daily\2026\2026-03\2026-03-02\20260302-201757-AMA with StepFun AI - Ask Us Anything.md","832","2026/3/6 14:12:14"
"D:\OpenClaw\workspace\43-reddit\daily\2026\2026-03\2026-03-02\20260302-201759-Best Audio Models - Feb 2026.md","774","2026/3/6 14:12:14"
"D:\OpenClaw\workspace\43-reddit\daily\2026\2026-03\2026-03-02\20260302-201801-Breaking  Today Qwen 35 small.md","812","2026/3/6 14:12:14"
"D:\OpenClaw\workspace\43-reddit\daily\2026\2026-03\2026-03-02\20260302-201803-Running Qwen35 27b dense with 170k context at 100ts decode and 1500ts prefill on.md","1494","2026/3/6 14:12:14"
"D:\OpenClaw\workspace\43-reddit\daily\2026\2026-03\2026-03-02\20260302-201808-Jan-Code-4B a small code-tuned model of Jan-v3.md","898","2026/3/6 14:12:14"
"D:\OpenClaw\workspace\43-reddit\daily\2026\2026-03\2026-03-02\20260302-201814-PSA Qwen 35 requires bf16 KV cache NOT f16.md","892","2026/3/6 14:12:14"
"D:\OpenClaw\workspace\43-reddit\daily\2026\2026-03\2026-03-02\20260302-201815-13 months since the DeepSeek moment how far have we gone running models locally.md","982","2026/3/6 14:12:14"
"D:\OpenClaw\workspace\43-reddit\daily\2026\2026-03\2026-03-02\20260302-201817-Reverse engineered Apple Neural EngineANE to train Microgpt.md","936","2026/3/6 14:12:14"
"D:\OpenClaw\workspace\43-reddit\daily\2026\2026-03\2026-03-02\20260302-201818-Lots of new Qwen35 27B Imaxtrix quants from Bartowski just uploaded.md","1328","2026/3/6 14:12:14"
"D:\OpenClaw\workspace\43-reddit\daily\2026\2026-03\2026-03-02\20260302-201822-Injecting skills into the KV cache not as stupid as it sounds but still pretty d.md","990","2026/3/6 14:12:14"
"D:\OpenClaw\workspace\43-reddit\daily\2026\2026-03\2026-03-02\20260302-201823-Revisiting MiniMaxs article on their decision to drop hybrid attention now that .md","1178","2026/3/6 14:12:14"
"D:\OpenClaw\workspace\43-reddit\daily\2026\2026-03\2026-03-02\20260302-201824-Qwen35-397B Uncensored NVFP4.md","774","2026/3/6 14:12:14"
"D:\OpenClaw\workspace\43-reddit\daily\2026\2026-03\2026-03-02\20260302-201826-A 200 KB Tool-Using Six-Phase Loop Agent for Qwen35-35B-A3B.md","898","2026/3/6 14:12:14"
"D:\OpenClaw\workspace\43-reddit\daily\2026\2026-03\2026-03-02\20260302-201828-Choosing the right Apple Silicon for Backend  TranslateGemmaTTSSTT.md","940","2026/3/6 14:12:14"
"D:\OpenClaw\workspace\43-reddit\daily\2026\2026-03\2026-03-02\20260302-201829-Open Swara 4065 humanized voice samples across 44 languages CC-BY-SA 40.md","1374","2026/3/6 14:12:14"
"D:\OpenClaw\workspace\43-reddit\daily\2026\2026-03\2026-03-02\20260302-204546-Sam Altman AMA statement on the SCR designation.md","1304","2026/3/6 14:12:14"
"D:\OpenClaw\workspace\43-reddit\daily\2026\2026-03\2026-03-02\20260302-204552-QwenQwen35-9B  Hugging Face.md","1180","2026/3/6 14:12:14"
"D:\OpenClaw\workspace\43-reddit\daily\2026\2026-03\2026-03-02\20260302-204555-Qwen 35 small just dropped.md","1170","2026/3/6 14:12:14"
"D:\OpenClaw\workspace\43-reddit\daily\2026\2026-03\2026-03-02\20260302-204558-Breaking  The small qwen35 models have been dropped.md","1346","2026/3/6 14:12:14"
"D:\OpenClaw\workspace\43-reddit\daily\2026\2026-03\2026-03-02\20260302-204601-Qwen 35 2B and 9B relesed.md","1182","2026/3/6 14:12:14"
"D:\OpenClaw\workspace\43-reddit\daily\2026\2026-03\2026-03-02\20260302-204603-New small Qwen are here.md","1174","2026/3/6 14:12:14"
"D:\OpenClaw\workspace\43-reddit\daily\2026\2026-03\2026-03-02\20260302-204608-Updates for ChatGPT.md","1120","2026/3/6 14:12:14"
"D:\OpenClaw\workspace\43-reddit\daily\2026\2026-03\2026-03-02\20260302-204611-GPT-4oGPT-5 complaints megathread.md","1214","2026/3/6 14:12:14"
"D:\OpenClaw\workspace\43-reddit\daily\2026\2026-03\2026-03-02\20260302-204613-Grok has become self-aware.md","1160","2026/3/6 14:12:14"
"D:\OpenClaw\workspace\43-reddit\daily\2026\2026-03\2026-03-02\20260302-204616-Goodbye ChatGPT.md","1108","2026/3/6 14:12:14"
"D:\OpenClaw\workspace\43-reddit\daily\2026\2026-03\2026-03-02\20260302-204620-Nano Banana 2 is great.md","1142","2026/3/6 14:12:14"
"D:\OpenClaw\workspace\43-reddit\daily\2026\2026-03\2026-03-02\20260302-204622-A few years from now.md","1128","2026/3/6 14:12:14"
"D:\OpenClaw\workspace\43-reddit\daily\2026\2026-03\2026-03-02\20260302-204626-Question will Open AI survive on B2B and government contracts alone Because as a.md","1450","2026/3/6 14:12:14"
"D:\OpenClaw\workspace\43-reddit\daily\2026\2026-03\2026-03-02\20260302-204629-These dudes are gonna run once they see Claude Code limits.md","1336","2026/3/6 14:12:14"
"D:\OpenClaw\workspace\43-reddit\daily\2026\2026-03\2026-03-02\20260302-204631-My precious AI.md","1088","2026/3/6 14:12:14"
"D:\OpenClaw\workspace\43-reddit\daily\2026\2026-03\2026-03-02\20260302-204634-After cancelling your sub if you delete the account you will receive a refund.md","1340","2026/3/6 14:12:14"
"D:\OpenClaw\workspace\43-reddit\daily\2026\2026-03\2026-03-02\20260302-204637-With a heavy heart I have canceled ChatGPT.md","1284","2026/3/6 14:12:14"
"D:\OpenClaw\workspace\43-reddit\daily\2026\2026-03\2026-03-02\20260302-204640-Why is Google getting ZERO backlash for Gemini powering the Pentagons AI platfor.md","1456","2026/3/6 14:12:14"
"D:\OpenClaw\workspace\43-reddit\daily\2026\2026-03\2026-03-02\20260302-204642-lmao.md","1046","2026/3/6 14:12:14"
"D:\OpenClaw\workspace\43-reddit\daily\2026\2026-03\2026-03-02\20260302-204646-How to delete your ChatGPT account.md","1214","2026/3/6 14:12:14"
"D:\OpenClaw\workspace\43-reddit\daily\2026\2026-03\2026-03-02\20260302-204649-Chat GPT the ultimate contrarian.md","1206","2026/3/6 14:12:14"
"D:\OpenClaw\workspace\43-reddit\daily\2026\2026-03\2026-03-02\20260302-204655-done.md","1032","2026/3/6 14:12:14"
"D:\OpenClaw\workspace\43-reddit\daily\2026\2026-03\2026-03-02\20260302-204658-What if everyone talked like GPT-52 Safety Mode.md","1308","2026/3/6 14:12:14"
"D:\OpenClaw\workspace\43-reddit\daily\2026\2026-03\2026-03-02\20260302-204701-The Pentagons Claude Use in Iran Is a Reminder that Anthropic Never Objected to .md","1392","2026/3/6 14:12:14"
"D:\OpenClaw\workspace\43-reddit\daily\2026\2026-03\2026-03-02\20260302-204704-Finally ditched ChatGPT for Gemini Pro Why is everyone else sprinting to Claude.md","1342","2026/3/6 14:12:14"
"D:\OpenClaw\workspace\43-reddit\daily\2026\2026-03\2026-03-02\20260302-204707-If you quit ChatGPT export your data.md","1218","2026/3/6 14:12:14"
"D:\OpenClaw\workspace\43-reddit\daily\2026\2026-03\2026-03-02\20260302-204713-Usage Limits Bugs and Performance Discussion Megathread - beginning December 29 .md","1374","2026/3/6 14:12:14"
"D:\OpenClaw\workspace\43-reddit\daily\2026\2026-03\2026-03-02\20260302-204719-New in Cowork scheduled tasks.md","1196","2026/3/6 14:12:14"
"D:\OpenClaw\workspace\43-reddit\daily\2026\2026-03\2026-03-02\20260302-204722-Claudes extended thinking found out about Iran in real time.md","1330","2026/3/6 14:12:14"
"D:\OpenClaw\workspace\43-reddit\daily\2026\2026-03\2026-03-02\20260302-204725-Is ClaudeAI down.md","1110","2026/3/6 14:12:14"
"D:\OpenClaw\workspace\43-reddit\daily\2026\2026-03\2026-03-02\20260302-204728-Major outage - claudeai claudeaicode API oauth and claude cowork all down for me.md","1400","2026/3/6 14:12:14"
"D:\OpenClaw\workspace\43-reddit\daily\2026\2026-03\2026-03-02\20260302-204731-Claude is down.md","1108","2026/3/6 14:12:14"
"D:\OpenClaw\workspace\43-reddit\daily\2026\2026-03\2026-03-02\20260302-204734-42 no coding background just built my first app.md","1296","2026/3/6 14:12:14"
"D:\OpenClaw\workspace\43-reddit\daily\2026\2026-03\2026-03-02\20260302-204737-Claude Status Update  Elevated errors on claudeai on 2026-03-02T114920000Z.md","1374","2026/3/6 14:12:14"
"D:\OpenClaw\workspace\43-reddit\daily\2026\2026-03\2026-03-02\20260302-204739-oAuth request failed.md","1132","2026/3/6 14:12:14"
"D:\OpenClaw\workspace\43-reddit\daily\2026\2026-03\2026-03-02\20260302-204742-Is it true that were way underpaying for Claude even for Max.md","1340","2026/3/6 14:12:14"
"D:\OpenClaw\workspace\43-reddit\daily\2026\2026-03\2026-03-02\20260302-204745-Best practices Ive learned after shipping multiple iOS apps with Claude Code.md","1354","2026/3/6 14:12:14"
"D:\OpenClaw\workspace\43-reddit\daily\2026\2026-03\2026-03-02\20260302-204748-Claude Status Update  Elevated errors on all platforms on 2026-03-02T120611000Z.md","1362","2026/3/6 14:12:14"
"D:\OpenClaw\workspace\43-reddit\daily\2026\2026-03\2026-03-02\20260302-204753-Claude  Opus gives me a glimpse of what wealthy people have had for generations.md","1352","2026/3/6 14:12:14"
"D:\OpenClaw\workspace\43-reddit\daily\2026\2026-03\2026-03-02\20260302-204758-New Anthropic introduces a memory feature that lets users transfer their context.md","1466","2026/3/6 14:12:14"
"D:\OpenClaw\workspace\43-reddit\daily\2026\2026-03\2026-03-02\20260302-204801-Claude Status Update  Elevated errors on claudeai console and claude code on 202.md","1426","2026/3/6 14:12:14"
"D:\OpenClaw\workspace\43-reddit\daily\2026\2026-03\2026-03-02\20260302-204803-I ACTUALLY LIKE CLAUDE.md","1150","2026/3/6 14:12:14"
"D:\OpenClaw\workspace\43-reddit\daily\2026\2026-03\2026-03-02\20260302-204806-20x Plan may as well be a 5x.md","1182","2026/3/6 14:12:14"
"D:\OpenClaw\workspace\43-reddit\daily\2026\2026-03\2026-03-02\20260302-204809-I built a tiny open-source gym that nudges you to move while Claude Code is runn.md","1390","2026/3/6 14:12:14"
"D:\OpenClaw\workspace\43-reddit\daily\2026\2026-03\2026-03-02\20260302-204815-Get ready for barrage of complaints from new users.md","1320","2026/3/6 14:12:14"
"D:\OpenClaw\workspace\43-reddit\daily\2026\2026-03\2026-03-02\20260302-204818-I was wrong about CLAUDEmd compression Heres what 1188 benchmark runs actually s.md","1384","2026/3/6 14:12:14"
"D:\OpenClaw\workspace\43-reddit\daily\2026\2026-03\2026-03-02\20260302-204824-Sora 2 megathread part 3.md","1166","2026/3/6 14:12:14"
"D:\OpenClaw\workspace\43-reddit\daily\2026\2026-03\2026-03-02\20260302-204827-AMA on our DevDay Launches.md","1152","2026/3/6 14:12:14"
"D:\OpenClaw\workspace\43-reddit\daily\2026\2026-03\2026-03-02\20260302-204832-No ethics at all the cancel ChatGPT trend is growing after OpenAI signs a deal w.md","1394","2026/3/6 14:12:14"
"D:\OpenClaw\workspace\43-reddit\daily\2026\2026-03\2026-03-02\20260302-204856-Small Qwen Models Out.md","1162","2026/3/6 14:12:14"
"D:\OpenClaw\workspace\43-reddit\daily\2026\2026-03\2026-03-02\20260302-204905-Current Events - OpenAI.md","1146","2026/3/6 14:12:14"
"D:\OpenClaw\workspace\43-reddit\daily\2026\2026-03\2026-03-02\20260302-204911-CLAUDE hit by a missile.md","1158","2026/3/6 14:12:14"
"D:\OpenClaw\workspace\43-reddit\daily\2026\2026-03\2026-03-02\20260302-204915-All lawful purposes.md","1134","2026/3/6 14:12:14"
"D:\OpenClaw\workspace\43-reddit\daily\2026\2026-03\2026-03-02\20260302-204918-Why the Current Direction of OpenAI Feels Disappointing.md","1294","2026/3/6 14:12:14"
"D:\OpenClaw\workspace\43-reddit\daily\2026\2026-03\2026-03-02\20260302-204920-Every promise Sam Altman broke  with receipts.md","1288","2026/3/6 14:12:14"
"D:\OpenClaw\workspace\43-reddit\daily\2026\2026-03\2026-03-02\20260302-204927-Mods can you do a were leaving open ai mega thread.md","1342","2026/3/6 14:12:14"
"D:\OpenClaw\workspace\43-reddit\daily\2026\2026-03\2026-03-02\20260302-204930-Claude is now 1st in the App Store.md","1320","2026/3/6 23:34:49"
"D:\OpenClaw\workspace\43-reddit\daily\2026\2026-03\2026-03-02\20260302-204936-Do you actually think openai would delete your data simply because you clicked D.md","960","2026/3/6 14:12:14"
"D:\OpenClaw\workspace\43-reddit\daily\2026\2026-03\2026-03-02\20260302-204937-Cancelled your renewal but its still active Get a refund by deleting your accoun.md","982","2026/3/6 14:12:14"
"D:\OpenClaw\workspace\43-reddit\daily\2026\2026-03\2026-03-02\20260302-204939-Genuine question why are people acting like Claude is totally separate from gove.md","980","2026/3/6 14:12:14"
"D:\OpenClaw\workspace\43-reddit\daily\2026\2026-03\2026-03-02\20260302-204941-Things you might want to know if moving to Claude.md","902","2026/3/6 14:12:14"
"D:\OpenClaw\workspace\43-reddit\daily\2026\2026-03\2026-03-02\20260302-204942-A necessary conversation.md","764","2026/3/6 14:12:14"
"D:\OpenClaw\workspace\43-reddit\daily\2026\2026-03\2026-03-02\20260302-204944-OpenAI details layered protections in US defense department pact.md","936","2026/3/6 14:12:14"
"D:\OpenClaw\workspace\43-reddit\daily\2026\2026-03\2026-03-02\20260302-204945-The Pentagon vs Anthropic The Fight Over Who Controls Military AI.md","926","2026/3/6 14:12:14"
"D:\OpenClaw\workspace\43-reddit\daily\2026\2026-03\2026-03-02\20260302-204946-Why is this the default template for ChatGPT responses Its rather annoying.md","944","2026/3/6 14:12:14"
"D:\OpenClaw\workspace\43-reddit\daily\2026\2026-03\2026-03-02\20260302-204948-Deleting my chat gpt account.md","784","2026/3/6 14:12:14"
"D:\OpenClaw\workspace\43-reddit\daily\2026\2026-03\2026-03-02\20260302-204951-State of the Subreddit January 2027 Mods applications and rules updates.md","928","2026/3/6 14:12:14"
"D:\OpenClaw\workspace\43-reddit\daily\2026\2026-03\2026-03-02\20260302-204953-AWS Middle East Central mec1-az2 down apparently struck in war.md","938","2026/3/6 14:12:14"
"D:\OpenClaw\workspace\43-reddit\daily\2026\2026-03\2026-03-02\20260302-204954-git-forensics - a library that turns git history into actionable architectural s.md","1014","2026/3/6 14:12:14"
"D:\OpenClaw\workspace\43-reddit\daily\2026\2026-03\2026-03-02\20260302-204955-Why is the first C mallocation always 72 KB.md","888","2026/3/6 14:12:14"
"D:\OpenClaw\workspace\43-reddit\daily\2026\2026-03\2026-03-02\20260302-204957-The looming AI clownpocalypse.md","796","2026/3/6 14:12:14"
"D:\OpenClaw\workspace\43-reddit\daily\2026\2026-03\2026-03-02\20260302-204958-Gleam is boring so I went to a conference about it.md","920","2026/3/6 14:12:14"
"D:\OpenClaw\workspace\43-reddit\daily\2026\2026-03\2026-03-02\20260302-205000-Decision trees  the unreasonable power of nested decision rules.md","940","2026/3/6 14:12:14"
"D:\OpenClaw\workspace\43-reddit\daily\2026\2026-03\2026-03-02\20260302-205001-Hacking Super Mario 64 using Algebraic Topology.md","898","2026/3/6 14:12:14"
"D:\OpenClaw\workspace\43-reddit\daily\2026\2026-03\2026-03-02\20260302-205003-Fooling Gos X509 Certificate Verification.md","870","2026/3/6 14:12:14"
"D:\OpenClaw\workspace\43-reddit\daily\2026\2026-03\2026-03-02\20260302-205004-Microgpt explained interactively.md","812","2026/3/6 14:12:14"
"D:\OpenClaw\workspace\43-reddit\daily\2026\2026-03\2026-03-02\20260302-205006-The real cost of random IO.md","1290","2026/3/6 23:34:49"
"D:\OpenClaw\workspace\43-reddit\daily\2026\2026-03\2026-03-02\20260302-205009-January in Servo preloads better forms details styling and more.md","938","2026/3/6 14:12:14"
"D:\OpenClaw\workspace\43-reddit\daily\2026\2026-03\2026-03-02\20260302-205010-Python Type Checker Comparison Empty Container Inference.md","1320","2026/3/6 14:12:14"
"D:\OpenClaw\workspace\43-reddit\daily\2026\2026-03\2026-03-02\20260302-205013-Custom Data Structures in E-Graphs.md","1222","2026/3/6 14:12:14"
"D:\OpenClaw\workspace\43-reddit\daily\2026\2026-03\2026-03-02\20260302-205016-Chorba A novel CRC32 implementation.md","1234","2026/3/6 14:12:14"
"D:\OpenClaw\workspace\43-reddit\daily\2026\2026-03\2026-03-02\20260302-205019-Lil Fun Langs Guts.md","1134","2026/3/6 14:12:14"
"D:\OpenClaw\workspace\43-reddit\daily\2026\2026-03\2026-03-02\20260302-205022-How Dada enables internal references.md","1238","2026/3/6 14:12:14"
"D:\OpenClaw\workspace\43-reddit\daily\2026\2026-03\2026-03-02\20260302-205026-plz advise about learning web dev in 2026.md","1290","2026/3/6 14:12:14"
"D:\OpenClaw\workspace\43-reddit\daily\2026\2026-03\2026-03-02\20260302-205029-Yes and.md","1074","2026/3/6 14:12:14"
"D:\OpenClaw\workspace\43-reddit\daily\2026\2026-03\2026-03-02\20260302-205032-Vira Theme  Formerly Material Theme.md","1238","2026/3/6 14:12:14"
"D:\OpenClaw\workspace\43-reddit\daily\2026\2026-03\2026-03-02\20260302-205037-Microsoft gets tired of Microslop bans the word on its Discord then locks the se.md","1416","2026/3/6 14:12:14"
"D:\OpenClaw\workspace\43-reddit\daily\2026\2026-03\2026-03-02\20260302-205044-Polymarket saw 529M traded on bets tied to bombing of Iran.md","920","2026/3/6 14:12:14"
"D:\OpenClaw\workspace\43-reddit\daily\2026\2026-03\2026-03-02\20260302-205047-Teams invasive WiFi location tracking feature sparks backlash as majority of use.md","1258","2026/3/6 14:12:14"
"D:\OpenClaw\workspace\43-reddit\daily\2026\2026-03\2026-03-02\20260302-205615-Qwen35 9B and 4B benchmarks.md","1288","2026/3/6 23:34:49"
"D:\OpenClaw\workspace\43-reddit\daily\2026\2026-03\2026-03-02\20260302-205619-unslothQwen35-4B-GGUF  Hugging Face.md","1224","2026/3/6 14:12:14"
"D:\OpenClaw\workspace\43-reddit\daily\2026\2026-03\2026-03-02\20260302-205628-Circle of life.md","1086","2026/3/6 14:12:14"
"D:\OpenClaw\workspace\43-reddit\daily\2026\2026-03\2026-03-02\20260302-205634-Package Managers à la Carte A Formal Model of Dependency Resolution.md","942","2026/3/6 14:12:14"
"D:\OpenClaw\workspace\43-reddit\daily\2026\2026-03\2026-03-02\20260302-205638-Dario Amodei on Anthropics Pentagon spat Disagreeing with the government is the .md","1010","2026/3/6 14:12:14"
"D:\OpenClaw\workspace\43-reddit\daily\2026\2026-03\2026-03-02\20260302-205639-Windows 10 Usage Rises to 4025 in Latest Steam Hardware  Software Survey.md","954","2026/3/6 14:12:14"
"D:\OpenClaw\workspace\43-reddit\daily\2026\2026-03\2026-03-02\20260302-205641-California introduces age verification law for all operating systems including L.md","1094","2026/3/6 14:12:14"
"D:\OpenClaw\workspace\43-reddit\daily\2026\2026-03\2026-03-02\20260302-205643-Goodbye Tesla-style giant touchscreens cars return to physical buttons.md","972","2026/3/6 14:12:14"
"D:\OpenClaw\workspace\43-reddit\daily\2026\2026-03\2026-03-02\20260302-205644-Cancel ChatGPT AI boycott surges after OpenAI-Pentagon military deal.md","918","2026/3/6 14:12:14"
"D:\OpenClaw\workspace\43-reddit\daily\2026\2026-03\2026-03-02\20260302-205645-Japan to ban in-flight use of power banks starting in April.md","932","2026/3/6 14:12:14"
"D:\OpenClaw\workspace\43-reddit\daily\2026\2026-03\2026-03-02\20260302-205647-Motorolas new partnership with GrapheneOS.md","878","2026/3/6 14:12:14"
"D:\OpenClaw\workspace\43-reddit\daily\2026\2026-03\2026-03-02\20260302-205649-Every Car Made After 2008 Has the Same Digital Security Risk.md","922","2026/3/6 14:12:14"
"D:\OpenClaw\workspace\43-reddit\daily\2026\2026-03\2026-03-02\20260302-205650-70 of Hiring Managers Trust Decisions Made by AI While Only 8 of Job Seekers Cal.md","988","2026/3/6 14:12:14"
"D:\OpenClaw\workspace\43-reddit\daily\2026\2026-03\2026-03-02\20260302-205652-Polish Train Maker Is Suing the Hackers Who Exposed Its Anti-Repair Tricks.md","938","2026/3/6 14:12:14"
"D:\OpenClaw\workspace\43-reddit\daily\2026\2026-03\2026-03-02\20260302-205654-A Software Glitched Turned Off The Lights Then The Car Crashed.md","928","2026/3/6 14:12:14"
"D:\OpenClaw\workspace\43-reddit\daily\2026\2026-03\2026-03-02\20260302-205655-Exclusive  A New Threat to Power Grids Data Centers Unplugging at Once.md","930","2026/3/6 14:12:14"
"D:\OpenClaw\workspace\43-reddit\daily\2026\2026-03\2026-03-02\20260302-205656-AWS Datacenter Lit Ablaze by Objects in UAE Amid Other Outages in Region at War.md","974","2026/3/6 14:12:14"
"D:\OpenClaw\workspace\43-reddit\daily\2026\2026-03\2026-03-02\20260302-205659-US military reportedly used Claude in Iran strikes despite Trumps ban.md","1352","2026/3/6 14:12:14"
"D:\OpenClaw\workspace\43-reddit\daily\2026\2026-03\2026-03-02\20260302-205713-WTF Are we now putting paywalls in front of all knowledge on earth.md","962","2026/3/6 14:12:14"
"D:\OpenClaw\workspace\43-reddit\daily\2026\2026-03\2026-03-02\20260302-205715-AIs cant stop recommending nuclear strikes in war game simulations - Leading AIs.md","1202","2026/3/6 14:12:14"
"D:\OpenClaw\workspace\43-reddit\daily\2026\2026-03\2026-03-02\20260302-205716-Citi warns of deflation if AI sparks high unemployment and only benefits a small.md","1352","2026/3/6 14:12:14"
"D:\OpenClaw\workspace\43-reddit\daily\2026\2026-03\2026-03-02\20260302-205719-Jamie Dimon says AI is already reshaping JPMorgan Chases workforce as bank plans.md","1418","2026/3/6 14:12:14"
"D:\OpenClaw\workspace\43-reddit\daily\2026\2026-03\2026-03-02\20260302-205722-We dont have to have unsupervised killer robots.md","1308","2026/3/6 14:12:14"
"D:\OpenClaw\workspace\43-reddit\daily\2026\2026-03\2026-03-02\20260302-205724-Dutch police use hologram to find teenagers 2009 rapist.md","1332","2026/3/6 14:12:14"
"D:\OpenClaw\workspace\43-reddit\daily\2026\2026-03\2026-03-02\20260302-205727-Silent failure at scale The AI risk that can tip the business world into disorde.md","1376","2026/3/6 14:12:14"
"D:\OpenClaw\workspace\43-reddit\daily\2026\2026-03\2026-03-02\20260302-205730-Pentagon Flags Anthropic as Supply Risk as Google Employees Push Back on Militar.md","1426","2026/3/6 14:12:14"
"D:\OpenClaw\workspace\43-reddit\daily\2026\2026-03\2026-03-02\20260302-205733-The ethical AI facade just collapsed Breaking down the new Department of Defense.md","1402","2026/3/6 14:12:14"
"D:\OpenClaw\workspace\43-reddit\daily\2026\2026-03\2026-03-02\20260302-205738-The gap between ethical AI company and what Anthropic actually did this week is .md","1004","2026/3/6 14:12:14"
"D:\OpenClaw\workspace\43-reddit\daily\2026\2026-03\2026-03-02\20260302-205740-Hundreds of Google OpenAI employees back Anthropic in Pentagon fight.md","916","2026/3/6 14:12:14"
"D:\OpenClaw\workspace\43-reddit\daily\2026\2026-03\2026-03-02\20260302-205741-What does a 1967 Star Trek episode predict about the AnthropicPentagon dispute.md","978","2026/3/6 14:12:14"
"D:\OpenClaw\workspace\43-reddit\daily\2026\2026-03\2026-03-02\20260302-205743-In a Step Towards Ending Cage Farmed Eggs Hen-Free Real Egg Protein is Now Avail.md","1042","2026/3/6 14:12:14"
"D:\OpenClaw\workspace\43-reddit\daily\2026\2026-03\2026-03-02\20260302-205744-Factories Can Come Back to the US Jobs Not So Much.md","918","2026/3/6 14:12:14"
"D:\OpenClaw\workspace\43-reddit\daily\2026\2026-03\2026-03-02\20260302-205745-The 2028 Global Intelligence Crisis What happens as AI displaces workers.md","958","2026/3/6 14:12:14"
"D:\OpenClaw\workspace\43-reddit\daily\2026\2026-03\2026-03-02\20260302-205747-OpenAI strikes deal with Pentagon hours after White House admin bans Anthropic.md","954","2026/3/6 14:12:14"
"D:\OpenClaw\workspace\43-reddit\daily\2026\2026-03\2026-03-02\20260302-205749-If AGI super intelligence is only 12-18 months away shouldnt we already be seein.md","1050","2026/3/6 14:12:14"
"D:\OpenClaw\workspace\43-reddit\daily\2026\2026-03\2026-03-02\20260302-205750-Carbon dioxide overload detected in human blood suggests a potentially toxic atm.md","1320","2026/3/6 14:12:14"
"D:\OpenClaw\workspace\43-reddit\daily\2026\2026-03\2026-03-02\20260302-210139-C  NET 10 BluettiCloud Monitor your power station in real-time via Cloud API.md","1845","2026/3/6 14:12:14"
"D:\OpenClaw\workspace\43-reddit\daily\2026\2026-03\2026-03-02\20260302-222352-Learning how to steer agentic AI in the right direction is a useless skill chang.md","1374","2026/3/6 14:12:14"
"D:\OpenClaw\workspace\43-reddit\daily\2026\2026-03\2026-03-02\20260302-222358-ChatGPT spits out surprising insight in particle physics  Science.md","944","2026/3/6 14:12:14"
"D:\OpenClaw\workspace\43-reddit\daily\2026\2026-03\2026-03-02\20260302-222401-I bought a weird GPU which goes crazy video done with Seedance 20 is incredible.md","968","2026/3/6 14:12:14"
"D:\OpenClaw\workspace\43-reddit\daily\2026\2026-03\2026-03-02\20260302-222403-SWARM Biotactics Deploys Operational Cyborg Insect Swarms for NATO.md","924","2026/3/6 14:12:14"
"D:\OpenClaw\workspace\43-reddit\daily\2026\2026-03\2026-03-02\20260302-222405-OpenSSH Adds Warning When Not Using Post-Quantum Key Exchange Algorithm.md","950","2026/3/6 14:12:14"
"D:\OpenClaw\workspace\43-reddit\daily\2026\2026-03\2026-03-02\20260302-222410-Sorting by new right now be like.md","808","2026/3/6 14:12:14"
"D:\OpenClaw\workspace\43-reddit\daily\2026\2026-03\2026-03-02\20260302-222411-Qwen35-9B-GGUF is here.md","754","2026/3/6 14:12:14"
"D:\OpenClaw\workspace\43-reddit\daily\2026\2026-03\2026-03-02\20260302-222417-Gemini Im the best Claude Im the best Grok Im the best ChatGPT.md","1380","2026/3/6 14:12:14"
"D:\OpenClaw\workspace\43-reddit\daily\2026\2026-03\2026-03-02\20260302-222420-Im proud Sam didnt use AI to write this one the Onion.md","1310","2026/3/6 14:12:14"
"D:\OpenClaw\workspace\43-reddit\daily\2026\2026-03\2026-03-02\20260302-222426-Built a MCP server that lets Claude use your iPhone.md","1294","2026/3/6 14:12:14"
"D:\OpenClaw\workspace\43-reddit\daily\2026\2026-03\2026-03-02\20260302-222428-Claude will return in Avengers Doomsday.md","1238","2026/3/6 14:12:14"
"D:\OpenClaw\workspace\43-reddit\daily\2026\2026-03\2026-03-02\20260302-222435-Just so you know.md","690","2026/3/6 14:12:14"
"D:\OpenClaw\workspace\43-reddit\daily\2026\2026-03\2026-03-02\20260302-222436-My 52 suddenly sounds like my 4o sounded.md","852","2026/3/6 14:12:14"
"D:\OpenClaw\workspace\43-reddit\daily\2026\2026-03\2026-03-02\20260302-222442-SOLID in FP Liskov Substitution or The Principle That Was Never About Inheritanc.md","1374","2026/3/6 14:12:14"
"D:\OpenClaw\workspace\43-reddit\daily\2026\2026-03\2026-03-02\20260302-222446-Implementing Burger-Dybvig finding the shortest decimal that round-trips to the .md","1086","2026/3/6 14:12:14"
"D:\OpenClaw\workspace\43-reddit\daily\2026\2026-03\2026-03-02\20260302-222449-An Introduction to Folios.md","1162","2026/3/6 14:12:14"
"D:\OpenClaw\workspace\43-reddit\daily\2026\2026-03\2026-03-02\20260302-222453-Beyond the Vibes A Rigorous Guide to AI Coding Assistants and Agents.md","1338","2026/3/6 14:12:14"
"D:\OpenClaw\workspace\43-reddit\daily\2026\2026-03\2026-03-02\20260302-222458-Claude down Anthropic AI not working in major outage.md","902","2026/3/6 14:12:14"
"D:\OpenClaw\workspace\43-reddit\daily\2026\2026-03\2026-03-02\20260302-222500-Metas Superintelligence Safety Director Let an AI Into Her Inbox It Started Dele.md","1096","2026/3/6 14:12:14"
"D:\OpenClaw\workspace\43-reddit\daily\2026\2026-03\2026-03-02\20260302-222502-With Revenue Share Shrinking Does Nvidia Need Gaming Anymore.md","938","2026/3/6 14:12:14"
"D:\OpenClaw\workspace\43-reddit\daily\2026\2026-03\2026-03-02\20260302-222506-Donut Labs Drops High Temperature Performance.md","880","2026/3/6 14:12:14"
"D:\OpenClaw\workspace\43-reddit\daily\2026\2026-03\2026-03-02\20260302-222509-2026s conflicts are about to make the case for renewables and electric vehicles .md","1006","2026/3/6 14:12:14"
"D:\OpenClaw\workspace\43-reddit\daily\2026\2026-03\2026-03-02\20260302-224711-P Compare GPU and LLM pricing across all major providers.md","1336","2026/3/6 14:12:14"
"D:\OpenClaw\workspace\43-reddit\daily\2026\2026-03\2026-03-02\20260302-224718-Harvard study finds AI actually makes work harder rather than easier.md","1366","2026/3/6 14:12:14"
"D:\OpenClaw\workspace\43-reddit\daily\2026\2026-03\2026-03-02\20260302-224724-Opinion The Outsourcing of Human Cognition Has Started.md","1316","2026/3/6 14:12:14"
"D:\OpenClaw\workspace\43-reddit\daily\2026\2026-03\2026-03-02\20260302-224730-Llamacpp  Qwen35 using Qwen35-08B as a draft model for 122B does nothing.md","1374","2026/3/6 14:12:14"
"D:\OpenClaw\workspace\43-reddit\daily\2026\2026-03\2026-03-02\20260302-224734-Qwen35-4B-GGUF is here.md","754","2026/3/6 14:12:14"
"D:\OpenClaw\workspace\43-reddit\daily\2026\2026-03\2026-03-02\20260302-224738-I bought a weird GPU which goes crazy Prompts generated with GPT 52 and video do.md","1010","2026/3/6 14:12:14"
"D:\OpenClaw\workspace\43-reddit\daily\2026\2026-03\2026-03-02\20260302-224746-Something to keep in mind for those switching from ChatGPT to Claude.md","924","2026/3/6 14:12:14"
"D:\OpenClaw\workspace\43-reddit\daily\2026\2026-03\2026-03-02\20260302-224749-AI Isnt Replacing SREs Its Deskilling Them.md","886","2026/3/6 14:12:14"
"D:\OpenClaw\workspace\43-reddit\daily\2026\2026-03\2026-03-02\20260302-224751-HitKeep A self-hosted analytics tool with zero external dependencies 80MB binary.md","994","2026/3/6 14:12:14"
"D:\OpenClaw\workspace\43-reddit\daily\2026\2026-03\2026-03-02\20260302-224752-Git Worktrees the cure for stash hell and branch whiplash.md","938","2026/3/6 14:12:14"
"D:\OpenClaw\workspace\43-reddit\daily\2026\2026-03\2026-03-02\20260302-224754-Production-grade CICD DevSecOps pipeline with Jenkins EKS ECR SonarQube  Trivy F.md","1086","2026/3/6 14:12:14"
"D:\OpenClaw\workspace\43-reddit\daily\2026\2026-03\2026-03-02\20260302-224758-Entry level PCs costing less than 500 will disappear by 2028 research firm predi.md","1364","2026/3/6 14:12:14"
"D:\OpenClaw\workspace\43-reddit\daily\2026\2026-03-04\reddit-monitor-2026-03-04.md","19696","2026/3/6 14:12:14"
"D:\OpenClaw\workspace\44-twitter\daily\2026\2026-03\2026-03-02\20260302-201507-OpenAI-AI is changing how work gets done and we want to lead that t.md","1516","2026/3/6 14:12:14"
"D:\OpenClaw\workspace\44-twitter\daily\2026\2026-03\2026-03-02\20260302-201507-OpenAI-Helping AI reach more people requires deep collaboration acr.md","1697","2026/3/6 14:12:14"
"D:\OpenClaw\workspace\44-twitter\daily\2026\2026-03\2026-03-02\20260302-201507-OpenAI-Introducing EVMbencha new benchmark that measures how well A.md","1231","2026/3/6 14:12:14"
"D:\OpenClaw\workspace\44-twitter\daily\2026\2026-03\2026-03-02\20260302-201507-OpenAI-R to OpenAI Other AI labs have reduced or removed their safe.md","2175","2026/3/6 14:12:14"
"D:\OpenClaw\workspace\44-twitter\daily\2026\2026-03\2026-03-02\20260302-201507-OpenAI-R to OpenAI Our agreement with the Department of War upholds.md","1922","2026/3/6 14:12:14"
"D:\OpenClaw\workspace\44-twitter\daily\2026\2026-03\2026-03-02\20260302-201507-OpenAI-R to OpenAI We do not think Anthropic should be designated a.md","933","2026/3/6 14:12:14"
"D:\OpenClaw\workspace\44-twitter\daily\2026\2026-03\2026-03-02\20260302-201507-OpenAI-RT by OpenAI First steel beams went up today at our Stargate.md","1226","2026/3/6 14:12:14"
"D:\OpenClaw\workspace\44-twitter\daily\2026\2026-03\2026-03-02\20260302-201507-OpenAI-RT by OpenAI Peter Steinberger is joining OpenAI to drive th.md","2057","2026/3/6 14:12:14"
"D:\OpenClaw\workspace\44-twitter\daily\2026\2026-03\2026-03-02\20260302-201507-OpenAI-RT by OpenAI Stargate is the umbrella brand for our compute .md","3440","2026/3/6 14:12:14"
"D:\OpenClaw\workspace\44-twitter\daily\2026\2026-03\2026-03-02\20260302-201507-OpenAI-Yesterday we reached an agreement with the Department of War.md","1828","2026/3/6 14:12:14"
"D:\OpenClaw\workspace\44-twitter\daily\2026\2026-03\2026-03-02\20260302-201508-AnthropicAI-A statement from Anthropic CEO Dario Amodei on our discussio.md","1150","2026/3/6 14:12:14"
"D:\OpenClaw\workspace\44-twitter\daily\2026\2026-03\2026-03-02\20260302-201508-AnthropicAI-Anthropic has acquired Vercept_ai to advance Claudes compute.md","1186","2026/3/6 14:12:14"
"D:\OpenClaw\workspace\44-twitter\daily\2026\2026-03\2026-03-02\20260302-201508-AnthropicAI-In November we outlined our approach to deprecating and pres.md","1385","2026/3/6 14:12:14"
"D:\OpenClaw\workspace\44-twitter\daily\2026\2026-03\2026-03-02\20260302-201508-AnthropicAI-Pinned A statement on the comments from Secretary of War Pet.md","1085","2026/3/6 14:12:14"
"D:\OpenClaw\workspace\44-twitter\daily\2026\2026-03\2026-03-02\20260302-201508-AnthropicAI-R to AnthropicAI And you can find links to all relevant RSP .md","1263","2026/3/6 14:12:14"
"D:\OpenClaw\workspace\44-twitter\daily\2026\2026-03\2026-03-02\20260302-201508-AnthropicAI-R to AnthropicAI First Opus 3 will continue to be available .md","1111","2026/3/6 14:12:14"
"D:\OpenClaw\workspace\44-twitter\daily\2026\2026-03\2026-03-02\20260302-201508-AnthropicAI-R to AnthropicAI Read more about version 30 of the Responsib.md","1071","2026/3/6 14:12:14"
"D:\OpenClaw\workspace\44-twitter\daily\2026\2026-03\2026-03-02\20260302-201508-AnthropicAI-R to AnthropicAI Second in retirement interviews Opus 3 expr.md","1556","2026/3/6 14:12:14"
"D:\OpenClaw\workspace\44-twitter\daily\2026\2026-03\2026-03-02\20260302-201508-AnthropicAI-R to AnthropicAI This is an experiment were not yet doing th.md","1674","2026/3/6 14:12:14"
"D:\OpenClaw\workspace\44-twitter\daily\2026\2026-03\2026-03-02\20260302-201508-AnthropicAI-R to AnthropicAI Were now separating the safety commitments .md","1399","2026/3/6 14:12:14"
"D:\OpenClaw\workspace\44-twitter\daily\2026\2026-03\2026-03-02\20260302-201510-GoogleDeepMind-How does a single prompt become a navigable environment We a.md","1382","2026/3/6 14:12:14"
"D:\OpenClaw\workspace\44-twitter\daily\2026\2026-03\2026-03-02\20260302-201510-GoogleDeepMind-Pinned Were launching Nano Banana 2 built on the latest Gemi.md","1386","2026/3/6 14:12:14"
"D:\OpenClaw\workspace\44-twitter\daily\2026\2026-03\2026-03-02\20260302-201510-GoogleDeepMind-R to GoogleDeepMind 5 characters Infinite storyboardsThe mod.md","1376","2026/3/6 14:12:14"
"D:\OpenClaw\workspace\44-twitter\daily\2026\2026-03\2026-03-02\20260302-201510-GoogleDeepMind-R to GoogleDeepMind Basically its simulating an entire envir.md","1657","2026/3/6 14:12:14"
"D:\OpenClaw\workspace\44-twitter\daily\2026\2026-03\2026-03-02\20260302-201510-GoogleDeepMind-R to GoogleDeepMind Nano Banana 2 is rolling out to everyone.md","1409","2026/3/6 14:12:14"
"D:\OpenClaw\workspace\44-twitter\daily\2026\2026-03\2026-03-02\20260302-201510-GoogleDeepMind-R to GoogleDeepMind Nano Banana 2 makes it easy to build out.md","1597","2026/3/6 14:12:14"
"D:\OpenClaw\workspace\44-twitter\daily\2026\2026-03\2026-03-02\20260302-201510-GoogleDeepMind-R to GoogleDeepMind Read the full QA httpsgoogle4rAdCT3.md","870","2026/3/6 14:12:14"
"D:\OpenClaw\workspace\44-twitter\daily\2026\2026-03\2026-03-02\20260302-201510-GoogleDeepMind-R to GoogleDeepMind With enhanced reasoning Nano Banana 2 ca.md","1226","2026/3/6 14:12:14"
"D:\OpenClaw\workspace\44-twitter\daily\2026\2026-03\2026-03-02\20260302-201510-GoogleDeepMind-RT by GoogleDeepMind Align and GoogleDeepMind are partnering.md","1703","2026/3/6 14:12:14"
"D:\OpenClaw\workspace\44-twitter\daily\2026\2026-03\2026-03-02\20260302-201510-GoogleDeepMind-RT by GoogleDeepMind xcomiarticle202600409561.md","717","2026/3/6 14:12:14"
"D:\OpenClaw\workspace\44-twitter\daily\2026\2026-03\2026-03-02\20260302-201511-sama-Id like to answer questions about our work with the DoW and .md","803","2026/3/6 14:12:15"
"D:\OpenClaw\workspace\44-twitter\daily\2026\2026-03\2026-03-02\20260302-201511-sama-R to sama boazbaraktcs is also going to help out with answer.md","724","2026/3/6 14:12:15"
"D:\OpenClaw\workspace\44-twitter\daily\2026\2026-03\2026-03-02\20260302-201511-sama-R to sama I have to go do something for awhile but can answe.md","725","2026/3/6 14:12:15"
"D:\OpenClaw\workspace\44-twitter\daily\2026\2026-03\2026-03-02\20260302-201511-sama-R to sama natseckatrina who leads some of our national secur.md","905","2026/3/6 14:12:15"
"D:\OpenClaw\workspace\44-twitter\daily\2026\2026-03\2026-03-02\20260302-201511-sama-R to sama SoftBank is an incredible and high-conviction part.md","968","2026/3/6 14:12:15"
"D:\OpenClaw\workspace\44-twitter\daily\2026\2026-03\2026-03-02\20260302-201511-sama-R to sama Three general things from this AMA1 There is more .md","4328","2026/3/6 14:12:15"
"D:\OpenClaw\workspace\44-twitter\daily\2026\2026-03\2026-03-02\20260302-201511-sama-Tonight we reached an agreement with the Department of War t.md","4644","2026/3/6 14:12:15"
"D:\OpenClaw\workspace\44-twitter\daily\2026\2026-03\2026-03-02\20260302-201512-karpathy-Bought a new Mac mini to properly tinker with claws over the.md","7421","2026/3/6 14:12:15"
"D:\OpenClaw\workspace\44-twitter\daily\2026\2026-03\2026-03-02\20260302-201512-karpathy-CLIs are super exciting precisely because they are a legacy .md","4414","2026/3/6 14:12:15"
"D:\OpenClaw\workspace\44-twitter\daily\2026\2026-03\2026-03-02\20260302-201512-karpathy-Congrats on the launch simile_ai  and I am excited to be inv.md","4095","2026/3/6 14:12:15"
"D:\OpenClaw\workspace\44-twitter\daily\2026\2026-03\2026-03-02\20260302-201512-karpathy-Cool chart showing the ratio of Tab complete requests to Age.md","2927","2026/3/6 14:12:15"
"D:\OpenClaw\workspace\44-twitter\daily\2026\2026-03\2026-03-02\20260302-201512-karpathy-I had the same thought so Ive been playing with it in nanoch.md","7499","2026/3/6 23:34:49"
"D:\OpenClaw\workspace\44-twitter\daily\2026\2026-03\2026-03-02\20260302-201512-karpathy-I think it must be a very interesting time to be in programm.md","8906","2026/3/6 14:12:15"
"D:\OpenClaw\workspace\44-twitter\daily\2026\2026-03\2026-03-02\20260302-201512-karpathy-It is hard to communicate how much programming has changed d.md","7913","2026/3/6 14:12:15"
"D:\OpenClaw\workspace\44-twitter\daily\2026\2026-03\2026-03-02\20260302-201512-karpathy-R to karpathy First there was chat then there was code now t.md","724","2026/3/6 14:12:15"
"D:\OpenClaw\workspace\44-twitter\daily\2026\2026-03\2026-03-02\20260302-201512-karpathy-Very interested in what the coming era of highly bespoke sof.md","10140","2026/3/6 14:12:15"
"D:\OpenClaw\workspace\44-twitter\daily\2026\2026-03\2026-03-02\20260302-201512-karpathy-With the coming tsunami of demand for tokens there are signi.md","7804","2026/3/6 14:12:15"
"D:\OpenClaw\workspace\44-twitter\daily\2026\2026-03\2026-03-02\20260302-201514-AndrewYNg-How can businesses go beyond using AI for incremental effici.md","10468","2026/3/6 14:12:15"
"D:\OpenClaw\workspace\44-twitter\daily\2026\2026-03\2026-03-02\20260302-201514-AndrewYNg-I recently spoke at the Sundance Film Festival on a panel ab.md","11898","2026/3/6 14:12:15"
"D:\OpenClaw\workspace\44-twitter\daily\2026\2026-03\2026-03-02\20260302-201514-AndrewYNg-Important new course Agent Skills with Anthropic built with .md","4054","2026/3/6 14:12:15"
"D:\OpenClaw\workspace\44-twitter\daily\2026\2026-03\2026-03-02\20260302-201514-AndrewYNg-Impressive inference speed from Inception Labs diffusion LLM.md","1970","2026/3/6 14:12:15"
"D:\OpenClaw\workspace\44-twitter\daily\2026\2026-03\2026-03-02\20260302-201514-AndrewYNg-Job seekers in the US and many other nations face a tough en.md","12016","2026/3/6 14:12:15"
"D:\OpenClaw\workspace\44-twitter\daily\2026\2026-03\2026-03-02\20260302-201514-AndrewYNg-New course A2A The Agent2Agent Protocol built with  googlecl.md","5007","2026/3/6 14:12:15"
"D:\OpenClaw\workspace\44-twitter\daily\2026\2026-03\2026-03-02\20260302-201514-AndrewYNg-New course Gemini CLI Code  Create with an Open-Source Agent.md","5632","2026/3/6 14:12:15"
"D:\OpenClaw\workspace\44-twitter\daily\2026\2026-03\2026-03-02\20260302-201514-AndrewYNg-To all my AI friends Every time I see you you raise my tempe.md","863","2026/3/6 14:12:15"
"D:\OpenClaw\workspace\44-twitter\daily\2026\2026-03\2026-03-02\20260302-201514-AndrewYNg-US policies are driving allies away from using American AI t.md","13561","2026/3/6 14:12:15"
"D:\OpenClaw\workspace\44-twitter\daily\2026\2026-03\2026-03-02\20260302-201514-AndrewYNg-Will AI create new job opportunities My daughter Nova loves .md","10719","2026/3/6 14:12:15"
"D:\OpenClaw\workspace\44-twitter\daily\2026\2026-03\2026-03-02\20260302-201515-ylecun-RT by ylecun ACM has posted an Expression of Concern on Igor.md","1560","2026/3/6 14:12:15"
"D:\OpenClaw\workspace\44-twitter\daily\2026\2026-03\2026-03-02\20260302-201515-ylecun-RT by ylecun I used to marvel at new tech and now Im just ov.md","989","2026/3/6 14:12:15"
"D:\OpenClaw\workspace\44-twitter\daily\2026\2026-03\2026-03-02\20260302-201515-ylecun-RT by ylecun Introducing Perplexity ComputerComputer unifies.md","1295","2026/3/6 14:12:15"
"D:\OpenClaw\workspace\44-twitter\daily\2026\2026-03\2026-03-02\20260302-201515-ylecun-RT by ylecun It Can Now Be Plainly Said Trump Is Planning a .md","960","2026/3/6 14:12:15"
"D:\OpenClaw\workspace\44-twitter\daily\2026\2026-03\2026-03-02\20260302-201515-ylecun-RT by ylecun JD Vance October 2024Out interests I think very.md","1348","2026/3/6 14:12:15"
"D:\OpenClaw\workspace\44-twitter\daily\2026\2026-03\2026-03-02\20260302-201515-ylecun-RT by ylecun Now that Obamas poll numbers are in tailspin  w.md","902","2026/3/6 14:12:15"
"D:\OpenClaw\workspace\44-twitter\daily\2026\2026-03\2026-03-02\20260302-201515-ylecun-RT by ylecun Pretty crazy when you realize just how flagrant.md","920","2026/3/6 14:12:15"
"D:\OpenClaw\workspace\44-twitter\daily\2026\2026-03\2026-03-02\20260302-201515-ylecun-RT by ylecun This is the AI that will be taking our jobs.md","862","2026/3/6 14:12:15"
"D:\OpenClaw\workspace\44-twitter\daily\2026\2026-03\2026-03-02\20260302-201515-ylecun-RT by ylecun Trump in 2011Our president will start a war wit.md","1228","2026/3/6 14:12:15"
"D:\OpenClaw\workspace\44-twitter\daily\2026\2026-03\2026-03-02\20260302-201515-ylecun-RT by ylecun.md","597","2026/3/6 14:12:15"
"D:\OpenClaw\workspace\44-twitter\daily\2026\2026-03\2026-03-02\20260302-201516-EMostaque-AGI is the ultimate National Security Threat.md","641","2026/3/6 14:12:15"
"D:\OpenClaw\workspace\44-twitter\daily\2026\2026-03\2026-03-02\20260302-201516-EMostaque-Current events are just a preludeIf any AI lab gets close to.md","1491","2026/3/6 14:12:15"
"D:\OpenClaw\workspace\44-twitter\daily\2026\2026-03\2026-03-02\20260302-201516-EMostaque-Honestly with the impending launch of SpaceX money elonmusk .md","1466","2026/3/6 14:12:15"
"D:\OpenClaw\workspace\44-twitter\daily\2026\2026-03\2026-03-02\20260302-201516-EMostaque-It is inevitable that AI will run governmentThe question is .md","1505","2026/3/6 14:12:15"
"D:\OpenClaw\workspace\44-twitter\daily\2026\2026-03\2026-03-02\20260302-201516-EMostaque-RT by EMostaque 1 Some Simple Economics of AGIRight now ther.md","1286","2026/3/6 14:12:15"
"D:\OpenClaw\workspace\44-twitter\daily\2026\2026-03\2026-03-02\20260302-201516-EMostaque-RT by EMostaque It gives the maintainers of the Sphere Packi.md","1328","2026/3/6 14:12:15"
"D:\OpenClaw\workspace\44-twitter\daily\2026\2026-03\2026-03-02\20260302-201516-EMostaque-This is an interesting scenario like AI 2027 and in line wit.md","2167","2026/3/6 14:12:15"
"D:\OpenClaw\workspace\44-twitter\daily\2026\2026-03\2026-03-02\20260302-201516-EMostaque-Vibe code as variable reward skinner boxes.md","632","2026/3/6 14:12:15"
"D:\OpenClaw\workspace\44-twitter\daily\2026\2026-03\2026-03-02\20260302-201516-EMostaque-Yeesh.md","4678","2026/3/6 14:12:15"
"D:\OpenClaw\workspace\44-twitter\daily\2026\2026-03\2026-03-02\20260302-201516-EMostaque-You hire software claudesters to automate away all of the ot.md","989","2026/3/6 14:12:15"
"D:\OpenClaw\workspace\44-twitter\daily\2026\2026-03\2026-03-02\20260302-201518-stabilityai-How are artists using AI to make music Thats what our Audio .md","2077","2026/3/6 14:12:15"
"D:\OpenClaw\workspace\44-twitter\daily\2026\2026-03\2026-03-02\20260302-201518-stabilityai-In this weeks Stability Seconds were showing you how to gene.md","2873","2026/3/6 14:12:15"
"D:\OpenClaw\workspace\44-twitter\daily\2026\2026-03\2026-03-02\20260302-201518-stabilityai-R to StabilityAI  Prompt construction techniquesThe order of.md","2573","2026/3/6 14:12:15"
"D:\OpenClaw\workspace\44-twitter\daily\2026\2026-03\2026-03-02\20260302-201518-stabilityai-RT by StabilityAI Stable Diffusion 35 FP8 checkpoints optimi.md","1449","2026/3/6 14:12:15"
"D:\OpenClaw\workspace\44-twitter\daily\2026\2026-03\2026-03-02\20260302-201518-stabilityai-This weeks Stability Seconds shows how you can quickly itera.md","2285","2026/3/6 14:12:15"
"D:\OpenClaw\workspace\44-twitter\daily\2026\2026-03\2026-03-02\20260302-201518-stabilityai-Today is SaferInternetDay 2026 and were joining thousands of.md","1951","2026/3/6 14:12:15"
"D:\OpenClaw\workspace\44-twitter\daily\2026\2026-03\2026-03-02\20260302-201518-stabilityai-Today we announced a partnership with warnermusic to develop.md","1966","2026/3/6 14:12:15"
"D:\OpenClaw\workspace\44-twitter\daily\2026\2026-03\2026-03-02\20260302-201518-stabilityai-Today we announced a strategic alliance with UMG to co-devel.md","1637","2026/3/6 14:12:15"
"D:\OpenClaw\workspace\44-twitter\daily\2026\2026-03\2026-03-02\20260302-201518-stabilityai-Today we announced that weve formed a strategic partnership .md","1751","2026/3/6 14:12:15"
"D:\OpenClaw\workspace\44-twitter\daily\2026\2026-03\2026-03-02\20260302-201518-stabilityai-We joined our friends at ComfyUI for a live chat about whats.md","1694","2026/3/6 14:12:15"
"D:\OpenClaw\workspace\44-twitter\daily\2026\2026-03\2026-03-02\20260302-201519-huggingface-RT by huggingface  perplexity_ai has released 4 open-weights.md","1590","2026/3/6 14:12:15"
"D:\OpenClaw\workspace\44-twitter\daily\2026\2026-03\2026-03-02\20260302-201519-huggingface-RT by huggingface BEDLAM20 image and depth data are now  ava.md","1695","2026/3/6 14:12:15"
"D:\OpenClaw\workspace\44-twitter\daily\2026\2026-03\2026-03-02\20260302-201519-huggingface-RT by huggingface build with huggingface Jobs and TRL to get.md","2550","2026/3/6 14:12:15"
"D:\OpenClaw\workspace\44-twitter\daily\2026\2026-03\2026-03-02\20260302-201519-huggingface-RT by huggingface Editing images is a series of state transi.md","3237","2026/3/6 14:12:15"
"D:\OpenClaw\workspace\44-twitter\daily\2026\2026-03\2026-03-02\20260302-201519-huggingface-RT by huggingface Introducing Faster Qwen3TTSRealistic voice.md","1644","2026/3/6 14:12:15"
"D:\OpenClaw\workspace\44-twitter\daily\2026\2026-03\2026-03-02\20260302-201519-huggingface-RT by huggingface Is it worth re-OCRing old library index ca.md","1656","2026/3/6 14:12:15"
"D:\OpenClaw\workspace\44-twitter\daily\2026\2026-03\2026-03-02\20260302-201519-huggingface-RT by huggingface Marco built Reachy Phone Home so Reachy Mi.md","2363","2026/3/6 14:12:15"
"D:\OpenClaw\workspace\44-twitter\daily\2026\2026-03\2026-03-02\20260302-201519-huggingface-RT by huggingface Never thought this day would come but weve.md","1329","2026/3/6 14:12:15"
"D:\OpenClaw\workspace\44-twitter\daily\2026\2026-03\2026-03-02\20260302-201519-huggingface-RT by huggingface What happens when you make an LLM drive a .md","1476","2026/3/6 14:12:15"
"D:\OpenClaw\workspace\44-twitter\daily\2026\2026-03\2026-03-02\20260302-201519-huggingface-RT by huggingface.md","625","2026/3/6 14:12:15"
"D:\OpenClaw\workspace\44-twitter\daily\2026\2026-03\2026-03-02\20260302-204523-AnthropicAI-Were proud to support LACMAs Art  Technology Laba program th.md","1510","2026/3/6 14:12:15"
"D:\OpenClaw\workspace\44-twitter\daily\2026\2026-03\2026-03-02\20260302-204523-AnthropicAI-Were updating our Responsible Scaling Policy to its third ve.md","1373","2026/3/6 14:12:15"
"D:\OpenClaw\workspace\44-twitter\daily\2026\2026-03\2026-03-02\20260302-204524-GoogleDeepMind-R to GoogleDeepMind Were partnering with musicians to see ho.md","1264","2026/3/6 14:12:15"
"D:\OpenClaw\workspace\44-twitter\daily\2026\2026-03\2026-03-02\20260302-204524-GoogleDeepMind-Watch how Wyclef used Lyria to help develop his latest track.md","1089","2026/3/6 14:12:15"
"D:\OpenClaw\workspace\44-twitter\daily\2026\2026-03\2026-03-02\20260302-210146-huggingface-RT by huggingface Introducing Jan-Code-4B A compact coding m.md","2342","2026/3/6 14:12:15"
"D:\OpenClaw\workspace\44-twitter\daily\2026\2026-03\2026-03-02\20260302-222422-GoogleDeepMind-Nano Banana 2 makes sophisticated visual creation faster che.md","1244","2026/3/6 14:12:15"
"D:\OpenClaw\workspace\44-twitter\daily\2026\2026-03\2026-03-02\20260302-222422-GoogleDeepMind-R to GoogleDeepMind Its in the details Upgraded vibrant ligh.md","1495","2026/3/6 14:12:15"
"D:\OpenClaw\workspace\44-twitter\daily\2026\2026-03\2026-03-02\20260302-222422-GoogleDeepMind-R to GoogleDeepMind Modify your creation to exact specs It g.md","1270","2026/3/6 14:12:15"
"D:\OpenClaw\workspace\44-twitter\daily\2026\2026-03\2026-03-02\20260302-222436-stabilityai-With the release of our latest audio model Stable Audio 25 w.md","2323","2026/3/6 14:12:15"
"D:\OpenClaw\workspace\90-archive\arxiv-collector-v2-DEPLOY.md","5012","2026/3/6 14:12:48"
"D:\OpenClaw\workspace\90-archive\arxiv-paper2md-integration.md","9040","2026/3/6 14:12:15"
"D:\OpenClaw\workspace\90-archive\arxiv-sync-setup-README.md","5058","2026/3/6 14:12:15"
"D:\OpenClaw\workspace\90-archive\arxiv-workflow-optimized.md","5027","2026/3/6 14:12:15"
"D:\OpenClaw\workspace\90-archive\batch-summary-2026-03-04.md","815","2026/3/6 14:12:15"
"D:\OpenClaw\workspace\90-archive\COMPLETE-CHECKLIST.md","6292","2026/3/6 14:12:15"
"D:\OpenClaw\workspace\90-archive\CRON-TASKS.md","1946","2026/3/6 14:12:15"
"D:\OpenClaw\workspace\90-archive\EXECUTIVE-SUMMARY.md","3313","2026/3/6 14:12:15"
"D:\OpenClaw\workspace\90-archive\FILE-ORGANIZATION-REPORT.md","2497","2026/3/6 14:12:15"
"D:\OpenClaw\workspace\90-archive\FINAL-SUMMARY.md","7523","2026/3/6 14:12:15"
"D:\OpenClaw\workspace\90-archive\GITHUB-REORGANIZATION-FINAL.md","5956","2026/3/6 14:12:15"
"D:\OpenClaw\workspace\90-archive\github-reorganize-report.md","3829","2026/3/6 14:12:15"
"D:\OpenClaw\workspace\90-archive\github-repo-reorganization-complete.md","5402","2026/3/6 14:12:15"
"D:\OpenClaw\workspace\90-archive\knowledge-collection-2026-03-04.md","6342","2026/3/6 14:12:15"
"D:\OpenClaw\workspace\90-archive\knowledge-deep-dive-2026-03-04.md","8607","2026/3/6 14:12:15"
"D:\OpenClaw\workspace\90-archive\knowledge-system-wisdom-2026-03-04.md","7873","2026/3/6 14:12:15"
"D:\OpenClaw\workspace\90-archive\MCP-INTEGRATION.md","7523","2026/3/6 23:34:49"
"D:\OpenClaw\workspace\90-archive\medium-optimization-plan.md","4939","2026/3/6 14:12:15"
"D:\OpenClaw\workspace\90-archive\MIDDLE-TERM-SKILLS-SUMMARY.md","6076","2026/3/6 14:12:15"
"D:\OpenClaw\workspace\90-archive\MILESTONES.md","3407","2026/3/6 23:34:49"
"D:\OpenClaw\workspace\90-archive\PROXY_PATCH_INSTRUCTIONS.md","3087","2026/3/6 14:12:15"
"D:\OpenClaw\workspace\90-archive\README.md","1861","2026/3/6 23:10:13"
"D:\OpenClaw\workspace\90-archive\REORGANIZE-SUMMARY.md","370","2026/3/6 14:12:15"
"D:\OpenClaw\workspace\90-archive\research-report-2026-03-04.md","14598","2026/3/6 14:12:15"
"D:\OpenClaw\workspace\90-archive\SHORT-TERM-SKILLS-INTEGRATION.md","5685","2026/3/6 14:12:15"
"D:\OpenClaw\workspace\90-archive\SKILLS-QUICKREF.md","3296","2026/3/6 14:12:15"
"D:\OpenClaw\workspace\90-archive\SYSTEM-DASHBOARD.md","2361","2026/3/6 14:12:15"
"D:\OpenClaw\workspace\90-archive\TASK1_PROXY_COMPLETE.md","2217","2026/3/6 14:12:15"
"D:\OpenClaw\workspace\90-archive\WORKFLOW_AUTO.md","1455","2026/3/6 14:12:15"
"D:\OpenClaw\workspace\90-archive\知识库索引.md","7887","2026/3/6 23:34:49"
"D:\OpenClaw\workspace\90-archive\PDFs\2026-03\ARCHIVE-MANIFEST.md","1522","2026/3/6 14:12:15"
"D:\OpenClaw\workspace\91-logs\tasks\README.md","1453","2026/3/6 14:12:15"
"D:\OpenClaw\workspace\92-tests\README.md","2442","2026/3/6 23:34:49"
"D:\OpenClaw\workspace\92-tests\fixtures\README.md","613","2026/3/6 14:12:15"
"D:\OpenClaw\workspace\99-workspace-archive\FILE_INDEX.md","1697","2026/3/6 14:12:15"
"D:\OpenClaw\workspace\99-workspace-archive\README.md","1755","2026/3/6 23:34:49"
"D:\OpenClaw\workspace\99-workspace-archive\docs\AGENTS.md","8081","2026/3/6 14:12:48"
"D:\OpenClaw\workspace\99-workspace-archive\docs\AI-FOR-MATERIALS-TRACKING.md","2477","2026/3/6 14:12:48"
"D:\OpenClaw\workspace\99-workspace-archive\docs\AI-MATERIALS-INTEGRATION-SUMMARY.md","2370","2026/3/6 14:12:48"
"D:\OpenClaw\workspace\99-workspace-archive\docs\API.md","3389","2026/3/6 14:12:48"
"D:\OpenClaw\workspace\99-workspace-archive\docs\AUTO-RECOVERY.md","2267","2026/3/6 14:12:48"
"D:\OpenClaw\workspace\99-workspace-archive\docs\AUTOMATED-RESEARCH-SYSTEM.md","8455","2026/3/6 14:12:48"
"D:\OpenClaw\workspace\99-workspace-archive\docs\AUTOMATION-IMPLEMENTATION.md","23172","2026/3/6 14:12:48"
"D:\OpenClaw\workspace\99-workspace-archive\docs\CGCNN-CPU-OPTIMIZED.md","7417","2026/3/6 14:12:48"
"D:\OpenClaw\workspace\99-workspace-archive\docs\CGCNN-vs-MEGNet.md","5427","2026/3/6 14:12:48"
"D:\OpenClaw\workspace\99-workspace-archive\docs\CLI-REFERENCE.md","3743","2026/3/6 14:12:48"
"D:\OpenClaw\workspace\99-workspace-archive\docs\CLI-TOOL.md","4112","2026/3/6 14:12:48"
"D:\OpenClaw\workspace\99-workspace-archive\docs\CODE-QUALITY-REPORT.md","1037","2026/3/6 14:12:48"
"D:\OpenClaw\workspace\99-workspace-archive\docs\CODE-QUALITY.md","2639","2026/3/6 14:12:48"
"D:\OpenClaw\workspace\99-workspace-archive\docs\daily-report-phase12-day1.md","6986","2026/3/6 23:34:49"
"D:\OpenClaw\workspace\99-workspace-archive\docs\day1-complete-final.md","1996","2026/3/6 14:12:48"
"D:\OpenClaw\workspace\99-workspace-archive\docs\day1-complete-report.md","6373","2026/3/6 14:12:48"
"D:\OpenClaw\workspace\99-workspace-archive\docs\day1-final-report.md","4695","2026/3/6 14:12:48"
"D:\OpenClaw\workspace\99-workspace-archive\docs\DEPLOYMENT-GUIDE.md","1938","2026/3/6 14:12:48"
"D:\OpenClaw\workspace\99-workspace-archive\docs\DEPLOYMENT.md","5766","2026/3/6 14:12:48"
"D:\OpenClaw\workspace\99-workspace-archive\docs\IDENTITY.md","572","2026/3/6 14:12:48"
"D:\OpenClaw\workspace\99-workspace-archive\docs\KUBERNETES-DEPLOYMENT.md","24543","2026/3/6 14:12:48"
"D:\OpenClaw\workspace\99-workspace-archive\docs\MATERIALS-API-DESIGN.md","7516","2026/3/6 14:12:48"
"D:\OpenClaw\workspace\99-workspace-archive\docs\MATERIALS-API-KEY-SETUP.md","1960","2026/3/6 14:12:48"
"D:\OpenClaw\workspace\99-workspace-archive\docs\MATERIALS-DATABASE-INTEGRATION.md","1764","2026/3/6 14:12:48"
"D:\OpenClaw\workspace\99-workspace-archive\docs\MATERIALS-DEPLOYMENT-DESIGN.md","17893","2026/3/6 14:12:48"
"D:\OpenClaw\workspace\99-workspace-archive\docs\MATERIALS-DOCKER-DEPLOYMENT.md","14100","2026/3/6 14:12:48"
"D:\OpenClaw\workspace\99-workspace-archive\docs\MATERIALS-FINAL-VERIFICATION.md","4396","2026/3/6 14:12:48"
"D:\OpenClaw\workspace\99-workspace-archive\docs\MATERIALS-KNOWLEDGE-GRAPH.md","2597","2026/3/6 14:12:48"
"D:\OpenClaw\workspace\99-workspace-archive\docs\MATERIALS-MONITORING.md","1854","2026/3/6 14:12:48"
"D:\OpenClaw\workspace\99-workspace-archive\docs\MATERIALS-PROPERTY-PREDICTOR.md","3331","2026/3/6 14:12:48"
"D:\OpenClaw\workspace\99-workspace-archive\docs\MATERIALS-SYSTEM-COMPLETE.md","11222","2026/3/6 23:34:49"
"D:\OpenClaw\workspace\99-workspace-archive\docs\MATERIALS-TESTING-DESIGN.md","17793","2026/3/6 14:12:48"
"D:\OpenClaw\workspace\99-workspace-archive\docs\OPERATIONS.md","2244","2026/3/6 14:12:48"
"D:\OpenClaw\workspace\99-workspace-archive\docs\PAPER-ANALYSIS-PIPELINE.md","6821","2026/3/6 14:12:48"
"D:\OpenClaw\workspace\99-workspace-archive\docs\PERFORMANCE-OPTIMIZATION-V2.md","2219","2026/3/6 14:12:48"
"D:\OpenClaw\workspace\99-workspace-archive\docs\PERFORMANCE-OPTIMIZATION.md","4454","2026/3/6 14:12:48"
"D:\OpenClaw\workspace\99-workspace-archive\docs\phase12-complete.md","2990","2026/3/6 14:12:48"
"D:\OpenClaw\workspace\99-workspace-archive\docs\phase12-day1-final.md","5792","2026/3/6 14:12:48"
"D:\OpenClaw\workspace\99-workspace-archive\docs\phase12-day1-summary.md","7411","2026/3/6 14:12:48"
"D:\OpenClaw\workspace\99-workspace-archive\docs\phase12-final-report.md","3768","2026/3/6 14:12:48"
"D:\OpenClaw\workspace\99-workspace-archive\docs\phase12-quality-report.md","5641","2026/3/6 14:12:48"
"D:\OpenClaw\workspace\99-workspace-archive\docs\PLUGIN-DEVELOPMENT.md","5900","2026/3/6 14:12:48"
"D:\OpenClaw\workspace\99-workspace-archive\docs\PLUGIN-MARKETPLACE.md","2139","2026/3/6 14:12:48"
"D:\OpenClaw\workspace\99-workspace-archive\docs\REAL-DATA-MIGRATION.md","5631","2026/3/6 14:12:48"
"D:\OpenClaw\workspace\99-workspace-archive\docs\ROADMAP-PHASE12.md","5609","2026/3/6 14:12:48"
"D:\OpenClaw\workspace\99-workspace-archive\docs\ROADMAP.md","7416","2026/3/6 14:12:48"
"D:\OpenClaw\workspace\99-workspace-archive\docs\SECURITY-HARDENING.md","2775","2026/3/6 14:12:48"
"D:\OpenClaw\workspace\99-workspace-archive\docs\SOUL.md","1709","2026/3/6 14:12:48"
"D:\OpenClaw\workspace\99-workspace-archive\docs\SYNTHESIS-PATHWAY-RECOMMENDER.md","3879","2026/3/6 14:12:48"
"D:\OpenClaw\workspace\99-workspace-archive\docs\SYSTEM-ARCHITECTURE.md","8983","2026/3/6 14:12:48"
"D:\OpenClaw\workspace\99-workspace-archive\docs\TOOLS.md","2614","2026/3/6 14:12:48"
"D:\OpenClaw\workspace\99-workspace-archive\docs\TROUBLESHOOTING.md","3524","2026/3/6 14:12:48"
"D:\OpenClaw\workspace\99-workspace-archive\docs\USAGE-EXAMPLES.md","5498","2026/3/6 14:12:48"
"D:\OpenClaw\workspace\99-workspace-archive\docs\USER-GUIDE.md","4803","2026/3/6 14:12:48"
"D:\OpenClaw\workspace\99-workspace-archive\docs\USER.md","1144","2026/3/6 14:12:48"
"D:\OpenClaw\workspace\99-workspace-archive\docs\WEB-API-CONNECTION-GUIDE.md","2606","2026/3/6 14:12:48"
"D:\OpenClaw\workspace\99-workspace-archive\docs\WEB-DASHBOARD.md","1620","2026/3/6 14:12:48"
"D:\OpenClaw\workspace\99-workspace-archive\memory\2026-03-02-index.md","3641","2026/3/6 14:12:48"
"D:\OpenClaw\workspace\99-workspace-archive\memory\2026-03-02.md","27323","2026/3/6 23:34:49"
"D:\OpenClaw\workspace\99-workspace-archive\memory\2026-03-03.md","45062","2026/3/6 14:12:48"
"D:\OpenClaw\workspace\99-workspace-archive\memory\2026-03-04-evermemos-research.md","4644","2026/3/6 14:12:48"
"D:\OpenClaw\workspace\99-workspace-archive\memory\2026-03-04-summary.md","4941","2026/3/6 14:12:48"
"D:\OpenClaw\workspace\99-workspace-archive\memory\2026-03-04.md","8572","2026/3/6 14:12:48"
"D:\OpenClaw\workspace\99-workspace-archive\memory\2026-03-05.md","5598","2026/3/6 14:12:48"
"D:\OpenClaw\workspace\99-workspace-archive\memory\2026-03-06.md","3498","2026/3/6 14:12:48"
"D:\OpenClaw\workspace\99-workspace-archive\memory\archive.md","261","2026/3/6 14:12:48"
"D:\OpenClaw\workspace\99-workspace-archive\memory\C-2026-03-04-Medium-HighQuality-Articles.md","3454","2026/3/6 14:12:48"
"D:\OpenClaw\workspace\99-workspace-archive\memory\COLLECTION-SUMMARY-2026-03-02-1845.md","2683","2026/3/6 14:12:48"
"D:\OpenClaw\workspace\99-workspace-archive\memory\COLLECTION-SUMMARY-2026-03-02-1922.md","3380","2026/3/6 14:12:48"
"D:\OpenClaw\workspace\99-workspace-archive\memory\COLLECTION-SUMMARY-2026-03-02-1934.md","3904","2026/3/6 14:12:48"
"D:\OpenClaw\workspace\99-workspace-archive\memory\COLLECTION-SUMMARY-2026-03-02.md","4043","2026/3/6 23:34:49"
"D:\OpenClaw\workspace\99-workspace-archive\memory\COLLECTION-SUMMARY-2026-03-04-2053.md","4733","2026/3/6 14:12:48"
"D:\OpenClaw\workspace\99-workspace-archive\memory\COLLECTION-SUMMARY-2026-03-04-FINAL.md","10145","2026/3/6 14:12:48"
"D:\OpenClaw\workspace\99-workspace-archive\memory\distill-report-2026-03-04.md","351","2026/3/6 14:12:48"
"D:\OpenClaw\workspace\99-workspace-archive\memory\evermemos-verify-2026-03-04.md","4382","2026/3/6 14:12:48"
"D:\OpenClaw\workspace\99-workspace-archive\memory\HEARTBEAT.md","5807","2026/3/6 14:12:48"
"D:\OpenClaw\workspace\99-workspace-archive\memory\learning-notes-2026-03-04-youtube-pokemon-firered-leafgreen.md","4492","2026/3/6 14:12:48"
"D:\OpenClaw\workspace\99-workspace-archive\memory\learning-notes-2026-03-04.md","8443","2026/3/6 14:12:48"
"D:\OpenClaw\workspace\99-workspace-archive\memory\MEMORY.md","43180","2026/3/6 14:12:48"
"D:\OpenClaw\workspace\99-workspace-archive\memory\README.md","489","2026/3/6 14:12:48"
"D:\OpenClaw\workspace\99-workspace-archive\memory\security-audit-2026-03-03.md","461","2026/3/6 14:12:48"
"D:\OpenClaw\workspace\99-workspace-archive\memory\status-2026-03-02-1720.md","1185","2026/3/6 14:12:48"
"D:\OpenClaw\workspace\99-workspace-archive\memory\SYNC-STATUS-2026-03-02-2033.md","568","2026/3/6 14:12:48"
"D:\OpenClaw\workspace\99-workspace-archive\memory\SYSTEM-IMPROVEMENT-JOURNEY.md","6287","2026/3/6 14:12:48"
"D:\OpenClaw\workspace\99-workspace-archive\memory\system-ready-2026-03-04-1915.md","3122","2026/3/6 14:12:48"
"D:\OpenClaw\workspace\99-workspace-archive\memory\task-list-content-update.md","1594","2026/3/6 14:12:48"
"D:\OpenClaw\workspace\99-workspace-archive\memory\task-list-phase10.md","2394","2026/3/6 14:12:48"
"D:\OpenClaw\workspace\99-workspace-archive\memory\task-list-phase11.md","6970","2026/3/6 23:34:49"
"D:\OpenClaw\workspace\99-workspace-archive\memory\task-list-phase12.md","13692","2026/3/6 14:12:48"
"D:\OpenClaw\workspace\99-workspace-archive\memory\task-list-phase3.md","4902","2026/3/6 14:12:48"
"D:\OpenClaw\workspace\99-workspace-archive\memory\task-list-phase4.md","3288","2026/3/6 14:12:48"
"D:\OpenClaw\workspace\99-workspace-archive\memory\task-list-phase5.md","3265","2026/3/6 14:12:48"
"D:\OpenClaw\workspace\99-workspace-archive\memory\task-list-phase6.md","2281","2026/3/6 14:12:48"
"D:\OpenClaw\workspace\99-workspace-archive\memory\task-list-phase7.md","1517","2026/3/6 14:12:48"
"D:\OpenClaw\workspace\99-workspace-archive\memory\task-list-phase8.md","2185","2026/3/6 14:12:48"
"D:\OpenClaw\workspace\99-workspace-archive\memory\task-list-phase9.md","2252","2026/3/6 14:12:48"
"D:\OpenClaw\workspace\99-workspace-archive\memory\TODO-2026-03-05.md","3597","2026/3/6 14:12:48"
"D:\OpenClaw\workspace\99-workspace-archive\memory\Twitter-2026-03-04-sanbuphy.md","2491","2026/3/6 14:12:48"
"D:\OpenClaw\workspace\99-workspace-archive\research\docs\AUTONOMOUS_TASK_REPORT.md","959","2026/3/6 14:12:48"
"D:\OpenClaw\workspace\99-workspace-archive\research\docs\chgnet-download-progress.md","1449","2026/3/6 14:12:48"
"D:\OpenClaw\workspace\99-workspace-archive\research\docs\CHGNET-INSTALL.md","7823","2026/3/6 14:12:48"
"D:\OpenClaw\workspace\99-workspace-archive\research\docs\COVER_LETTER_COMPLETE.md","4444","2026/3/6 14:12:48"
"D:\OpenClaw\workspace\99-workspace-archive\research\docs\COVER_LETTER_FILLED.md","5244","2026/3/6 23:34:49"
"D:\OpenClaw\workspace\99-workspace-archive\research\docs\COVER_LETTER_TEMPLATE.md","3249","2026/3/6 14:12:48"
"D:\OpenClaw\workspace\99-workspace-archive\research\docs\data-augmentation-report.md","7994","2026/3/6 14:12:48"
"D:\OpenClaw\workspace\99-workspace-archive\research\docs\data-collection-plan.md","4370","2026/3/6 14:12:48"
"D:\OpenClaw\workspace\99-workspace-archive\research\docs\data-quality-report.md","4280","2026/3/6 14:12:48"
"D:\OpenClaw\workspace\99-workspace-archive\research\docs\download-progress.md","1645","2026/3/6 14:12:48"
"D:\OpenClaw\workspace\99-workspace-archive\research\docs\execution-report.md","4885","2026/3/6 14:12:48"
"D:\OpenClaw\workspace\99-workspace-archive\research\docs\experiment_plan.md","6272","2026/3/6 14:12:48"
"D:\OpenClaw\workspace\99-workspace-archive\research\docs\FIGURE_INSERTION_LIST.md","4503","2026/3/6 14:12:48"
"D:\OpenClaw\workspace\99-workspace-archive\research\docs\FINAL_CHECKLIST.md","1102","2026/3/6 14:12:48"
"D:\OpenClaw\workspace\99-workspace-archive\research\docs\FINAL_REPORT.md","9565","2026/3/6 14:12:48"
"D:\OpenClaw\workspace\99-workspace-archive\research\docs\FINAL_SUBMISSION_PACKAGE.md","1071","2026/3/6 14:12:48"
"D:\OpenClaw\workspace\99-workspace-archive\research\docs\gp-optimization-report.md","3356","2026/3/6 14:12:48"
"D:\OpenClaw\workspace\99-workspace-archive\research\docs\gp-training-report.md","4246","2026/3/6 14:12:48"
"D:\OpenClaw\workspace\99-workspace-archive\research\docs\JOURNAL_SELECTION.md","1397","2026/3/6 14:12:48"
"D:\OpenClaw\workspace\99-workspace-archive\research\docs\LANGUAGE_SUGGESTIONS.md","1203","2026/3/6 14:12:48"
"D:\OpenClaw\workspace\99-workspace-archive\research\docs\literature-mining-report.md","3119","2026/3/6 14:12:48"
"D:\OpenClaw\workspace\99-workspace-archive\research\docs\MACE-INSTALL.md","6940","2026/3/6 14:12:48"
"D:\OpenClaw\workspace\99-workspace-archive\research\docs\PAPER_CHECKLIST.md","275","2026/3/6 14:12:48"
"D:\OpenClaw\workspace\99-workspace-archive\research\docs\PAPER_DRAFT_V1.md","9265","2026/3/6 14:12:48"
"D:\OpenClaw\workspace\99-workspace-archive\research\docs\PAPER_DRAFT_V2.md","7101","2026/3/6 14:12:48"
"D:\OpenClaw\workspace\99-workspace-archive\research\docs\PAPER_PREP_NOW.md","3599","2026/3/6 14:12:48"
"D:\OpenClaw\workspace\99-workspace-archive\research\docs\PAPER_REFERENCES.md","1677","2026/3/6 14:12:48"
"D:\OpenClaw\workspace\99-workspace-archive\research\docs\PROJECT_COMPLETION_REPORT.md","3431","2026/3/6 14:12:48"
"D:\OpenClaw\workspace\99-workspace-archive\research\docs\PROJECT_FINAL_SUMMARY.md","1461","2026/3/6 14:12:48"
"D:\OpenClaw\workspace\99-workspace-archive\research\docs\REST_AND_PAPER_PLAN.md","6299","2026/3/6 14:12:48"
"D:\OpenClaw\workspace\99-workspace-archive\research\docs\REVIEWER_EMAIL_VERIFICATION.md","2296","2026/3/6 14:12:48"
"D:\OpenClaw\workspace\99-workspace-archive\research\docs\skill-installation-report.md","3809","2026/3/6 14:12:48"
"D:\OpenClaw\workspace\99-workspace-archive\research\docs\SUBMISSION_CALENDAR.md","1313","2026/3/6 14:12:48"
"D:\OpenClaw\workspace\99-workspace-archive\research\docs\SUBMISSION_CHECKLIST.md","885","2026/3/6 14:12:48"
"D:\OpenClaw\workspace\99-workspace-archive\research\docs\SUBMISSION_GUIDE.md","2008","2026/3/6 14:12:48"
"D:\OpenClaw\workspace\99-workspace-archive\research\docs\SUBMISSION_PACKAGE.md","1462","2026/3/6 23:34:49"
"D:\OpenClaw\workspace\99-workspace-archive\research\docs\SUBMISSION_REMINDERS.md","1412","2026/3/6 14:12:48"
"D:\OpenClaw\workspace\99-workspace-archive\research\docs\SUGGESTED_REVIEWERS.md","1900","2026/3/6 14:12:48"
"D:\OpenClaw\workspace\99-workspace-archive\research\docs\SUPPLEMENTARY_MATERIALS.md","954","2026/3/6 14:12:48"
"D:\OpenClaw\workspace\docs\CLAWHUB_SKILL_REVIEW_FULL_2026-03-06.md","5923","2026/3/6 21:57:17"
"D:\OpenClaw\workspace\docs\SKILL_INSTALLATION_REPORT_2026-03-06.md","4783","2026/3/6 22:02:19"
"D:\OpenClaw\workspace\docs\SKILL_SECURITY_AUDIT_2026-03-06.md","4004","2026/3/6 21:49:45"
"D:\OpenClaw\workspace\memory\2026-03-06.md","7270","2026/3/6 23:34:49"
"D:\OpenClaw\workspace\n8n\COMPLETE.md","2810","2026/3/6 13:30:07"
"D:\OpenClaw\workspace\n8n\FINAL-STEP.md","1354","2026/3/6 13:30:07"
"D:\OpenClaw\workspace\n8n\IMPORT-MANUAL.md","1670","2026/3/6 13:30:07"
"D:\OpenClaw\workspace\n8n\OPTIMIZATION-COMPLETE.md","3888","2026/3/6 13:30:07"
"D:\OpenClaw\workspace\n8n\QUICK-IMPORT.md","2617","2026/3/6 13:30:07"
"D:\OpenClaw\workspace\n8n\README.md","5830","2026/3/6 13:30:07"
"D:\OpenClaw\workspace\n8n\SETUP.md","2780","2026/3/6 13:30:07"
"D:\OpenClaw\workspace\skills\nano-pdf\SKILL.md","867","2026/3/6 23:34:49"
"D:\OpenClaw\workspace\skills\proactive-agent-lite\README.md","2755","2026/3/6 23:34:49"
"D:\OpenClaw\workspace\skills\proactive-agent-lite\SKILL.md","1948","2026/3/6 23:33:34"
